sheet_id,confidence,scale_mm_per_px,bedroom_med_m2
APT_FP_0055ba97_17446927,low,1.2387,0.1
APT_FP_00717d5d_17441963,none,,
APT_FP_00aaa490_17447720,low,9.8838,5.2
APT_FP_01041d80_17434935,none,,
APT_FP_012a0f0a_17441963,none,,
APT_FP_016ec8bb_17447720,low,3.6012,0.8
APT_FP_01b0ac40_17446941,none,,
APT_FP_01b33bb8_17434935,none,,
APT_FP_01c18adb_17446927,none,,
APT_FP_01c76856_17447720,none,,
APT_FP_01f9e6b3_17446927,low,10.8,4.6
APT_FP_02b2bae2_17446927,low,4.6392,1.4
APT_FP_02cc22ae_17446927,low,4.4891,0.7
APT_FP_035b16b5_17434935,none,,
APT_FP_039352f7_17446927,low,3.8788,0.6
APT_FP_03a66986_17446927,none,,
APT_FP_03d61165_17434935,none,,
APT_FP_049c59ae_17434935,low,8.3756,9.4
APT_FP_04d3c21d_17441963,none,,
APT_FP_05756afe_17446927,none,,
APT_FP_057b461c_17435728,low,15.5629,32.0
APT_FP_0592992c_17446927,none,,
APT_FP_060b7000_17447720,none,,
APT_FP_0626b8fb_17446927,low,3.6213,0.9
APT_FP_06b856a8_17446927,low,2.5583,0.7
APT_FP_06e490d1_17434935,low,6.5141,10.3
APT_FP_071b123e_17446927,none,,
APT_FP_07262e70_17434935,none,,
APT_FP_073b5232_17447720,low,3.848,1.3
APT_FP_078efd03_17447720,none,,
APT_FP_083f31e0_17438514,low,16.9256,10.1
APT_FP_085ed68c_17446927,low,3.4734,0.5
APT_FP_08a614f1_17434935,none,,
APT_FP_093c501d_17446927,low,3.326,0.5
APT_FP_0985bf18_17446927,none,,
APT_FP_09aac2f7_17446927,low,3.8117,0.6
APT_FP_09dd4be6_17438514,none,,
APT_FP_0a0ad46b_17446927,low,2.6784,0.3
APT_FP_0a86fe52_701821,none,,
APT_FP_0ae14b8f_17441963,none,,
APT_FP_0b8563c2_17447720,none,,
APT_FP_0b8d5694_17446927,none,,
APT_FP_0b94dae4_17441963,none,,
APT_FP_0c44c8d4_17447720,none,,
APT_FP_0cc7b06c_17446927,none,,
APT_FP_0d8ac71f_17446927,low,4.2186,1.2
APT_FP_0dcfd4ff_17441963,none,,
APT_FP_0e7114a6_17447720,none,,
APT_FP_0e817348_17446927,low,5.657,1.2
APT_FP_0ef2662b_17438514,low,16.942,11.5
APT_FP_100ffe63_17447720,low,1.4977,0.2
APT_FP_102753f6_17441963,low,8.0515,10.3
APT_FP_10577fe5_17446927,low,4.1539,0.7
APT_FP_106b8d72_17446927,low,2.2807,1.1
APT_FP_1115d8c7_17446927,none,,
APT_FP_11af0346_17447720,none,,
APT_FP_11e18bd5_17446927,none,,
APT_FP_11e7ee99_17447720,low,2.6062,0.3
APT_FP_11ef6f0a_17446927,low,4.2321,0.6
APT_FP_11fc3334_17447720,none,,
APT_FP_12c0200b_17446927,low,4.8673,0.9
APT_FP_12ebfefa_17447720,low,4.7333,2.0
APT_FP_12f2f05c_17447720,low,10.7367,6.0
APT_FP_1310959e_17446927,none,,
APT_FP_134f1333_17447720,none,,
APT_FP_1391dd2f_17441963,none,,
APT_FP_13e0c574_17434935,none,,
APT_FP_14130cea_17446927,low,1.8993,0.4
APT_FP_14227c29_17434935,none,,
APT_FP_144f9238_17446927,none,,
APT_FP_1486707e_17438514,none,,
APT_FP_14db718d_17446927,low,1.0378,0.1
APT_FP_14f42266_17446927,low,4.7643,0.9
APT_FP_14f8b55f_17438443,low,29.9947,84.1
APT_FP_14fe47e1_17447720,none,,
APT_FP_15310ad0_17434935,none,,
APT_FP_160a1e40_17446927,low,4.0723,0.7
APT_FP_160e3dd0_17434935,none,,
APT_FP_163600a0_17447720,none,,
APT_FP_1691c3c0_17447720,none,,
APT_FP_16bd0ba0_17447720,low,11.7827,5.4
APT_FP_17d5032a_17446927,low,4.2392,0.6
APT_FP_17fc1aa0_17441963,low,7.1251,9.2
APT_FP_18d2e761_17446927,none,,
APT_FP_19b571ad_17446927,low,3.6291,0.5
APT_FP_19b7ff98_17446927,none,,
APT_FP_1a1e4785_17446927,low,5.6663,1.0
APT_FP_1a6dbc38_17441963,low,7.9512,7.3
APT_FP_1a7288fb_17441963,none,,
APT_FP_1ad935ff_17446927,low,4.21,0.6
APT_FP_1b8d6c8a_17446927,low,5.6965,1.2
APT_FP_1be0fa64_17446927,low,2.6386,0.5
APT_FP_1c4009f6_17447720,none,,
APT_FP_1c5595c7_17447720,none,,
APT_FP_1cd63d3b_17434935,none,,
APT_FP_1ce93e4b_17446927,low,5.6663,1.0
APT_FP_1cf4e5c5_17446927,none,,
APT_FP_1d1fab6d_17434935,low,8.5623,18.0
APT_FP_1d2e7ca0_17438514,none,,
APT_FP_1dbf82aa_17446927,none,,
APT_FP_1de9e7a3_17446927,low,4.4905,1.1
APT_FP_1e834c6a_17441963,low,8.7077,13.9
APT_FP_1e880100_17434935,low,37.7515,179.9
APT_FP_1ee557b4_17447720,none,,
APT_FP_1efca362_17447720,low,3.0779,0.6
APT_FP_1f69d264_17446927,none,,
APT_FP_2011aba5_17441963,none,,
APT_FP_208dc8a6_17434935,none,,
APT_FP_20feb0c6_17434935,none,,
APT_FP_21695f23_17446927,low,4.2152,0.7
APT_FP_224394ba_17447720,none,,
APT_FP_2310bdd4_17434935,none,,
APT_FP_23231876_17438514,none,,
APT_FP_2330ee16_17434935,none,,
APT_FP_2336586d_17446927,none,,
APT_FP_234666ee_17446927,none,,
APT_FP_23bbda34_17446927,none,,
APT_FP_23f6ff96_17434935,none,,
APT_FP_240cd373_17446927,none,,
APT_FP_24365f06_17434935,none,,
APT_FP_244cd8e0_17446927,low,4.5141,1.6
APT_FP_2476337e_17446927,low,3.8479,0.6
APT_FP_24a886a9_17446927,low,2.6971,1.1
APT_FP_24c24870_17434935,none,,
APT_FP_24c44945_17446927,none,,
APT_FP_24edd239_17434935,none,,
APT_FP_25a81faf_17446927,low,4.519,1.3
APT_FP_25b9f648_17438514,none,,
APT_FP_25e4d6d8_17446927,low,3.6518,0.5
APT_FP_264d4617_17434935,none,,
APT_FP_268ad878_17446927,low,3.3053,0.7
APT_FP_26a93b84_17446927,low,4.5171,0.7
APT_FP_26b47cb9_17441963,none,,
APT_FP_2768562f_17434935,low,6.4339,10.5
APT_FP_27834c64_17434935,low,32.951,67.9
APT_FP_27a1d4f4_17447720,none,,
APT_FP_283356b1_17446927,low,4.8573,0.8
APT_FP_290dc81a_17446927,none,,
APT_FP_296f9c4c_17434935,low,6.1022,3.9
APT_FP_298405a1_17447720,low,3.5889,1.1
APT_FP_29e35b5e_17446927,none,,
APT_FP_2a31d8ae_17434935,none,,
APT_FP_2a365bc6_17447720,none,,
APT_FP_2a470f60_17447720,none,,
APT_FP_2a4d75d1_17446927,low,3.8287,0.5
APT_FP_2a620ed2_17446927,low,2.9947,0.4
APT_FP_2a7428e1_17438514,low,8.4748,16.8
APT_FP_2a8aed2c_17446941,none,,
APT_FP_2a8f9b2f_17434935,low,23.0076,129.4
APT_FP_2aa40f12_17446927,low,6.7804,17.1
APT_FP_2acdff02_17441963,none,,
APT_FP_2b199b93_17447720,low,3.6103,1.2
APT_FP_2b1db365_17434935,none,,
APT_FP_2b35b3f2_17446927,low,4.812,0.9
APT_FP_2bb1ff22_17438514,none,,
APT_FP_2bb79777_17446927,low,3.3063,0.7
APT_FP_2bb80c62_17446927,none,,
APT_FP_2c5a82d0_17446927,none,,
APT_FP_2c8cb889_17446927,low,4.4773,0.8
APT_FP_2cbf5a10_17446927,none,,
APT_FP_2d6ff887_17441963,none,,
APT_FP_2dbe6e76_17446927,low,5.1301,1.7
APT_FP_2e4f3f27_17446927,none,,
APT_FP_2e5949fc_17447720,none,,
APT_FP_2e757dea_17447720,low,9.7341,5.6
APT_FP_2ed61271_17447720,low,10.0319,3.8
APT_FP_2ee55031_17447720,none,,
APT_FP_2eea9df1_17441963,none,,
APT_FP_2ef59f22_17446927,low,4.1539,0.6
APT_FP_2f86bb93_17434935,none,,
APT_FP_2fc8071b_17447720,low,9.8838,3.6
APT_FP_2fe418b5_17434935,low,9.4141,8.7
APT_FP_30954dec_17447720,none,,
APT_FP_309abe7a_17434935,none,,
APT_FP_31057256_17446927,low,4.8212,0.7
APT_FP_3112b536_17435728,none,,
APT_FP_31aeff96_17446927,low,3.9344,0.6
APT_FP_31b1a97e_17446927,low,3.7957,0.6
APT_FP_31f9518f_17446927,none,,
APT_FP_3295f244_17447720,low,2.6309,0.3
APT_FP_329e69d1_17446927,low,5.9486,1.3
APT_FP_32b30d05_17446927,low,4.8732,0.8
APT_FP_32cdefc4_17447720,none,,
APT_FP_33a78044_17434935,none,,
APT_FP_342e0db4_17447720,none,,
APT_FP_34a27b97_17434935,low,2.8355,1.2
APT_FP_35130c86_17436388,none,,
APT_FP_35503774_17446927,low,2.11,0.6
APT_FP_355c9ef9_17434935,none,,
APT_FP_3576a7c1_17446927,low,4.2379,0.7
APT_FP_36538367_17434935,low,2.1192,0.6
APT_FP_36a5199d_17446927,low,4.507,0.8
APT_FP_372bcaf8_17446927,low,3.2106,0.7
APT_FP_372ff705_17447720,low,0.8675,0.0
APT_FP_38126fa2_17447720,none,,
APT_FP_381bb0f7_17446927,low,3.382,0.5
APT_FP_3853cd1e_17446927,low,9.929,3.2
APT_FP_387a9549_17434935,none,,
APT_FP_38890ffe_17446927,low,4.1432,0.7
APT_FP_38eac5e7_17446927,low,3.28,0.4
APT_FP_392f53d4_17447720,low,25.9132,64.5
APT_FP_39a3d208_17447720,none,,
APT_FP_3a3d58a9_17446927,low,2.8881,0.5
APT_FP_3adb24f1_17446927,low,12.2127,5.7
APT_FP_3b5955ac_17447720,low,9.6463,5.6
APT_FP_3c581f67_17446927,low,6.0293,1.5
APT_FP_3cb7530f_17446927,low,4.6392,1.4
APT_FP_3ce4b698_17447720,none,,
APT_FP_3d8095b0_17434935,low,6.3861,5.8
APT_FP_3d80e888_17446927,none,,
APT_FP_3daaad3e_17438514,none,,
APT_FP_3dbea14f_17435728,none,,
APT_FP_3dce4e1e_17446927,none,,
APT_FP_3dedb1ba_17447720,low,11.7055,5.3
APT_FP_3e29394a_17446927,none,,
APT_FP_3f2f3f1f_17434935,low,6.0695,5.5
APT_FP_3f94d0b4_17446941,none,,
APT_FP_4019c641_17441963,none,,
APT_FP_405b6fe8_17434935,low,8.0092,6.3
APT_FP_40f9111b_17446927,low,4.4891,0.8
APT_FP_4147ea77_17441963,low,4.0509,5.7
APT_FP_418666b6_17446927,low,4.7643,0.9
APT_FP_41b155d8_17446927,low,4.8781,3.4
APT_FP_41b15aa4_17434935,none,,
APT_FP_41d75d3b_17447720,low,11.4725,4.9
APT_FP_432553f7_17447720,low,4.9479,1.4
APT_FP_4381ab6a_17441963,none,,
APT_FP_43ad5964_17434935,none,,
APT_FP_43e0c5ef_17446927,low,3.4644,0.9
APT_FP_43ea3c5b_17434935,none,,
APT_FP_44111b88_17447720,low,10.0319,5.4
APT_FP_4578b3d9_17434935,none,,
APT_FP_457e3e83_17447720,low,3.1254,0.8
APT_FP_45818fee_17446927,none,,
APT_FP_45ca5f45_17441963,none,,
APT_FP_4604886b_17446927,none,,
APT_FP_4606b288_17447720,none,,
APT_FP_4615d9a6_17446927,low,3.8246,0.6
APT_FP_46285039_17446927,none,,
APT_FP_46422e69_17447720,low,7.7344,5.5
APT_FP_466dd276_17446927,none,,
APT_FP_468b908e_17441963,none,,
APT_FP_46c426ed_17434935,low,6.166,5.9
APT_FP_46f9076e_17446927,low,10.8,4.6
APT_FP_47217f55_17446927,low,4.387,0.8
APT_FP_478415fa_17441963,low,7.9469,7.3
APT_FP_48045803_17446927,low,4.2263,0.6
APT_FP_48bd9161_17441963,low,7.0609,20.6
APT_FP_4952b66b_17446927,none,,
APT_FP_49533ed1_17447720,low,0.8739,0.1
APT_FP_495edcbc_17447720,low,7.3987,3.2
APT_FP_496199f3_17446927,low,5.0774,1.0
APT_FP_49710804_17446927,low,4.7643,0.8
APT_FP_4a4f4825_17434935,low,12.8818,10.1
APT_FP_4aa8ca59_17436388,none,,
APT_FP_4abf3dd1_17447720,low,3.0753,0.8
APT_FP_4ae2288d_17446927,low,4.4891,0.7
APT_FP_4afdbf32_17446927,low,4.6038,1.4
APT_FP_4b78aa46_17446927,low,4.8381,0.8
APT_FP_4bb48722_17447720,none,,
APT_FP_4bb6de7f_17447720,none,,
APT_FP_4ca53aaf_17447720,low,9.9111,5.9
APT_FP_4cf1b849_17446927,none,,
APT_FP_4d395742_17447720,low,25.929,64.4
APT_FP_4d400720_17446927,low,3.5856,0.8
APT_FP_4d5d1291_17446927,low,3.808,1.0
APT_FP_4dee39aa_17447720,low,3.6251,0.8
APT_FP_4e619bc9_17446927,low,8.4691,12.8
APT_FP_4e7fe533_17434935,low,2.449,0.8
APT_FP_4eb67041_17447720,low,9.5493,5.4
APT_FP_4ee23c83_17434935,none,,
APT_FP_4f15d317_17434935,none,,
APT_FP_4f85efee_17438514,none,,
APT_FP_4f95ffa7_17434935,none,,
APT_FP_4fc1327e_17438514,none,,
APT_FP_4fc624cf_17446927,none,,
APT_FP_4fcde103_17434935,low,8.5897,10.1
APT_FP_4ff8b3fc_17434935,none,,
APT_FP_50007e7d_17447720,none,,
APT_FP_50162b8c_17446927,low,1.7347,0.1
APT_FP_501c88dd_17446927,none,,
APT_FP_501dde4d_17446941,none,,
APT_FP_50d7eada_17441963,none,,
APT_FP_510a1e1b_17446927,none,,
APT_FP_51c8ca4a_17446927,none,,
APT_FP_51d4f927_17447720,low,9.7022,5.5
APT_FP_51f2fd95_17435728,none,,
APT_FP_5276a8bd_17434935,none,,
APT_FP_52ac5ee5_17434935,none,,
APT_FP_52bbc094_17441963,none,,
APT_FP_5322499c_17434935,none,,
APT_FP_5375c819_17438514,none,,
APT_FP_5390ebd6_17441963,low,9.7938,10.4
APT_FP_53c3be10_17441963,none,,
APT_FP_53cae4e0_17446927,low,3.3199,0.7
APT_FP_53f69c17_17446927,none,,
APT_FP_54010f33_17447720,none,,
APT_FP_545147dc_606853,none,,
APT_FP_54c5f4f3_17434935,none,,
APT_FP_54f5bbc7_17438514,none,,
APT_FP_55a27caf_17438514,none,,
APT_FP_55c34e94_17446927,low,4.859,0.9
APT_FP_56120688_17447720,none,,
APT_FP_561d9f30_17438514,low,16.9442,11.5
APT_FP_56fed2cb_17446941,none,,
APT_FP_571a7309_17434935,none,,
APT_FP_5725bc9a_17434935,none,,
APT_FP_573cb4a5_17446927,none,,
APT_FP_57f3e9ea_17446927,none,,
APT_FP_57f88a91_17447720,none,,
APT_FP_581102e7_17441963,none,,
APT_FP_583ae9ad_17447720,low,4.9771,1.5
APT_FP_59107a09_17446927,low,0.6975,0.0
APT_FP_59bcde2b_17446927,low,6.1853,5.7
APT_FP_59f3df43_17446941,none,,
APT_FP_59ff71e2_17434935,none,,
APT_FP_5a014cbb_17447720,low,8.3505,6.0
APT_FP_5a30a01c_17434935,low,2.8355,1.2
APT_FP_5a3fa0ce_17446927,low,6.0656,3.4
APT_FP_5a40bc7c_17434935,none,,
APT_FP_5a467848_17446927,none,,
APT_FP_5a864c3f_17447720,low,2.0872,0.4
APT_FP_5af41a7b_17446927,low,4.5051,0.8
APT_FP_5b3cf916_17446927,low,6.1174,2.7
APT_FP_5b58c0c5_17446927,low,2.8195,1.2
APT_FP_5b5c3c2f_17447720,low,2.4917,0.7
APT_FP_5b6a3790_17434935,low,7.7197,6.3
APT_FP_5b8604ff_17446927,low,4.1706,1.0
APT_FP_5cbb7235_17446927,low,4.5415,0.8
APT_FP_5ccf2e03_17441963,none,,
APT_FP_5cdc3ba3_17446927,low,7.0095,2.9
APT_FP_5ce2be3d_17435728,none,,
APT_FP_5d10299f_17435728,none,,
APT_FP_5d853efa_17434935,none,,
APT_FP_5d9b7597_17446927,none,,
APT_FP_5dd32718_17434935,none,,
APT_FP_5df5401f_17447720,none,,
APT_FP_5e01262b_17447720,low,1.8886,0.3
APT_FP_5e23d97c_17438514,none,,
APT_FP_5f4bde87_17447720,low,9.1218,4.9
APT_FP_5f4dfdb8_17447720,low,11.2306,4.7
APT_FP_5fcb9a71_17438514,none,,
APT_FP_611ba1f7_17438514,none,,
APT_FP_614d9792_17447720,low,3.0731,0.6
APT_FP_62080f4e_17446927,low,4.1539,0.7
APT_FP_621f3f41_17434935,none,,
APT_FP_6225f205_17435728,none,,
APT_FP_62269db2_17446927,low,4.8433,0.9
APT_FP_629ab4bd_17438514,none,,
APT_FP_641cb87a_17447720,none,,
APT_FP_6430258c_17446927,none,,
APT_FP_645c49d4_17438514,low,16.9085,11.0
APT_FP_646c092a_17434935,none,,
APT_FP_64c23445_17446927,low,12.909,16.1
APT_FP_650c7e39_17447720,low,4.699,1.4
APT_FP_65306e89_17434935,none,,
APT_FP_6578e877_17446927,none,,
APT_FP_6578f905_17438443,low,8.0349,5.7
APT_FP_65e4ca9b_17447720,none,,
APT_FP_66051b5b_17446927,low,15.946,10.1
APT_FP_6679d107_17446927,low,3.6387,0.8
APT_FP_66d9c366_17446927,low,2.1179,0.8
APT_FP_6765a7bd_17434935,none,,
APT_FP_67cfe304_17447720,none,,
APT_FP_681bd72c_17447720,low,4.1917,1.5
APT_FP_681bee3a_17447720,none,,
APT_FP_691bc1ba_17447720,none,,
APT_FP_69629bb7_17447720,low,4.0302,1.0
APT_FP_6965eea3_17446927,low,8.2958,2.9
APT_FP_69ee94ab_17434935,none,,
APT_FP_6a38d768_17446927,none,,
APT_FP_6ac23a42_17434935,low,7.9114,12.3
APT_FP_6ae12c1d_17446927,low,4.1634,1.0
APT_FP_6b0648a5_17441963,none,,
APT_FP_6b37a644_17438514,low,8.4099,5.4
APT_FP_6b6d12ec_17446927,low,2.3987,0.4
APT_FP_6b9397e4_17434935,none,,
APT_FP_6bc083b9_17446927,none,,
APT_FP_6be203e5_17438514,none,,
APT_FP_6c54fd3f_17446927,none,,
APT_FP_6cf68ce4_17434935,none,,
APT_FP_6d50e16c_17446927,low,3.9795,1.0
APT_FP_6d6dbbfd_17446927,low,10.8,4.8
APT_FP_6ddd4794_17438514,none,,
APT_FP_6deff7a0_17434935,low,37.7515,179.9
APT_FP_6e59bc96_17446927,none,,
APT_FP_6e846369_17446927,low,2.6224,1.0
APT_FP_6e8af109_17446927,none,,
APT_FP_6ec9a663_17438528,none,,
APT_FP_6f1bfcdf_17447720,low,2.7812,0.4
APT_FP_6fd571e1_17446927,low,2.5631,0.4
APT_FP_700e3003_17434935,none,,
APT_FP_7029208f_17446927,low,3.9129,0.9
APT_FP_70722df3_17446927,none,,
APT_FP_709d9712_17434935,low,3.7316,1.6
APT_FP_70b48269_17434935,none,,
APT_FP_70e7ccf7_17447720,low,9.893,5.7
APT_FP_7184eda4_17438514,low,16.9263,11.5
APT_FP_71929377_17434935,none,,
APT_FP_71958b50_17447720,low,7.538,3.6
APT_FP_72a883b6_17438443,low,26.8367,41.7
APT_FP_733b8533_17434935,none,,
APT_FP_738f6f8f_17447720,none,,
APT_FP_74a80cd9_17446927,low,4.5666,1.4
APT_FP_74d369bc_17446927,none,,
APT_FP_75193d9e_17446927,low,6.7719,5.6
APT_FP_7529a879_17434935,low,6.9811,8.9
APT_FP_75c3bda2_17446927,none,,
APT_FP_760727c2_17441963,none,,
APT_FP_761d9e05_17446927,none,,
APT_FP_766a8f75_17447720,none,,
APT_FP_76761bb3_17446927,low,2.9033,0.5
APT_FP_769e93a2_17434935,none,,
APT_FP_76fd777f_17446927,none,,
APT_FP_77766e73_17446941,none,,
APT_FP_77a509c8_17435728,none,,
APT_FP_78137bee_17446927,low,5.6965,1.2
APT_FP_784091a9_17446927,none,,
APT_FP_78aba5ff_17441963,none,,
APT_FP_791dc8fe_17434935,none,,
APT_FP_79a6e0b5_17438514,low,30.0364,182.9
APT_FP_79e1d319_17434935,none,,
APT_FP_7af208fa_17447720,none,,
APT_FP_7af75be9_17446927,none,,
APT_FP_7b4b4248_17434935,low,8.0137,8.9
APT_FP_7b56ba53_17446927,low,2.7537,0.8
APT_FP_7b7cb6b7_17441963,low,7.9936,9.2
APT_FP_7b85c8bc_17446927,none,,
APT_FP_7be91ead_17438514,none,,
APT_FP_7c012ead_17434935,low,8.7572,12.8
APT_FP_7c2e5155_17435728,none,,
APT_FP_7c3ba0db_17446941,none,,
APT_FP_7c79fb45_17446927,none,,
APT_FP_7ca1071b_17447720,none,,
APT_FP_7d1c27da_17438514,none,,
APT_FP_7d5241f2_17446927,low,4.9966,0.9
APT_FP_7d53ba4a_17436388,low,10.17,18.8
APT_FP_7d7a5269_17446927,low,4.623,0.9
APT_FP_7de57faa_17446927,low,2.6784,0.3
APT_FP_7e174836_17446927,low,0.8745,0.1
APT_FP_7e2ad30d_17446927,none,,
APT_FP_7e39c8eb_17446927,none,,
APT_FP_7e581813_17441963,none,,
APT_FP_7e6cd7d6_17446927,none,,
APT_FP_7e98b58c_17446927,low,3.6691,0.6
APT_FP_7f057426_17438514,low,8.4644,5.8
APT_FP_7f12b407_17447720,low,9.946,5.3
APT_FP_8055101d_17434935,none,,
APT_FP_8082ecc1_17446927,low,4.4584,1.1
APT_FP_80b4b034_17446927,low,4.1668,0.7
APT_FP_80eed557_17446927,none,,
APT_FP_8103209d_17447720,none,,
APT_FP_8116d805_17434935,low,8.1356,8.4
APT_FP_81199322_17446927,low,4.2139,0.7
APT_FP_81261875_17446927,low,3.1459,0.6
APT_FP_812ae59a_17434935,none,,
APT_FP_814eba37_17446927,low,2.7582,0.4
APT_FP_81b92ff7_17441963,low,7.184,17.0
APT_FP_81ea4b39_17446927,low,4.1539,0.6
APT_FP_8202a861_17441963,none,,
APT_FP_824656d6_17434935,none,,
APT_FP_83733f7b_17446927,low,4.8366,0.8
APT_FP_847f1bae_17447720,low,12.0916,5.6
APT_FP_8500353b_17446927,low,3.3406,0.7
APT_FP_856a2586_17447720,low,1.2489,0.1
APT_FP_859c2961_17446927,none,,
APT_FP_85a6c60d_17446927,low,19.9483,49.5
APT_FP_85abf5d5_17446927,low,8.47,8.8
APT_FP_8649fe4c_17447720,none,,
APT_FP_86706235_17446927,none,,
APT_FP_8674a4ba_17446927,low,4.1668,0.6
APT_FP_867d2cb2_17447720,none,,
APT_FP_86c0ec7d_17447720,low,7.5856,5.3
APT_FP_872e398f_17447720,none,,
APT_FP_8779f5d3_17434935,low,2.3458,0.5
APT_FP_878eabfd_17446927,low,10.3572,5.5
APT_FP_8804396e_17435728,none,,
APT_FP_88cef5c9_17446927,low,4.812,0.9
APT_FP_88cf09ed_17447720,low,9.776,3.5
APT_FP_89196e59_17446927,none,,
APT_FP_89460ef0_17446941,none,,
APT_FP_894ba1e6_17446927,none,,
APT_FP_89590f2b_17446927,low,9.5688,4.3
APT_FP_8a2a3157_17441963,low,7.5984,11.9
APT_FP_8a2add65_17438514,low,26.2275,82.7
APT_FP_8a341ddf_17441963,low,8.0021,7.1
APT_FP_8a7838d7_17434935,none,,
APT_FP_8b4e2ff7_17447720,low,3.2803,1.0
APT_FP_8b86d747_17446927,none,,
APT_FP_8be4231e_17434935,low,4.6937,4.0
APT_FP_8c82b6b7_17434935,low,2.4917,1.1
APT_FP_8ce24016_17446927,low,3.5808,0.7
APT_FP_8d2b1b3a_17434935,low,13.4602,9.3
APT_FP_8d40187c_17438443,low,23.5827,36.7
APT_FP_8d62089c_17447720,none,,
APT_FP_8d6dd172_17447720,low,8.0111,3.4
APT_FP_8e79c8a2_17441963,none,,
APT_FP_8e85a187_17434935,none,,
APT_FP_8ebc5cc8_17447720,none,,
APT_FP_8f0cabdf_17434935,low,41.1536,98.3
APT_FP_8f167051_17446927,low,2.8503,0.3
APT_FP_8f3f41de_17446927,low,4.1043,0.7
APT_FP_8f46c167_17438443,low,7.7919,6.0
APT_FP_8f9e96e9_17441963,none,,
APT_FP_900d63e2_17446927,low,4.9158,0.9
APT_FP_90a46ab1_17446927,low,4.5843,0.8
APT_FP_90d8fabb_17438514,low,8.465,5.8
APT_FP_90eecba2_17446927,none,,
APT_FP_919f6e50_17438514,low,8.4644,5.8
APT_FP_91b9c166_17447720,none,,
APT_FP_921215ba_17446927,low,4.5331,0.7
APT_FP_9280d2db_17434935,none,,
APT_FP_92be7140_17446927,none,,
APT_FP_92d0f67e_17446927,low,2.4158,0.6
APT_FP_93183968_17446927,none,,
APT_FP_9362aeb3_17447720,none,,
APT_FP_937a2016_17446927,low,4.2099,0.7
APT_FP_93be486e_17438443,low,10.3637,5.8
APT_FP_93e283f9_17434935,none,,
APT_FP_946e9fcb_17446927,low,4.2139,0.7
APT_FP_94892895_17434935,none,,
APT_FP_94ec45c0_17446927,low,2.4534,0.3
APT_FP_94f63c4c_17438514,none,,
APT_FP_9515435f_17438514,low,23.2258,54.7
APT_FP_9530e6d4_17434935,low,3.6525,1.7
APT_FP_96076df1_17438514,none,,
APT_FP_97203ffc_17434935,none,,
APT_FP_97808394_17446927,low,6.9879,3.5
APT_FP_97a01de9_17446927,low,1.9718,0.3
APT_FP_97f244c8_17446927,low,10.3852,6.0
APT_FP_982011f8_17446927,none,,
APT_FP_9897c7eb_17446927,none,,
APT_FP_989a1519_17447720,none,,
APT_FP_98cfb159_17447720,low,3.4966,1.0
APT_FP_98fe1531_17434935,none,,
APT_FP_99360955_17446927,low,5.657,1.3
APT_FP_9970de7f_17446941,low,4.717,1.6
APT_FP_998e50a3_17447720,low,9.8838,5.7
APT_FP_9aa46b1a_17434935,low,1.4569,0.3
APT_FP_9b8dc33a_17441963,none,,
APT_FP_9b91a2b4_17436388,low,10.1606,18.7
APT_FP_9be001f2_17441963,none,,
APT_FP_9c0a76db_17441963,none,,
APT_FP_9c2c0f23_17446927,low,4.9158,1.0
APT_FP_9c4ba354_17438514,none,,
APT_FP_9c509a1d_670699,none,,
APT_FP_9cc1599c_17446927,low,2.7662,0.4
APT_FP_9d76f2ed_17446927,low,3.3788,0.5
APT_FP_9eb90762_17447720,low,6.7784,2.2
APT_FP_9ec62d3d_17446927,none,,
APT_FP_9ed1e78a_17434935,low,4.386,4.8
APT_FP_9f1bade6_17447720,none,,
APT_FP_9f2a2e60_17446927,none,,
APT_FP_9f2d8d44_17447720,low,2.3425,0.4
APT_FP_a044140a_17447720,low,3.6167,0.8
APT_FP_a0740417_17447720,low,9.8795,6.0
APT_FP_a0cf0e11_17438514,none,,
APT_FP_a129c662_17441963,none,,
APT_FP_a1b8e31e_17434935,none,,
APT_FP_a218e7a4_17441963,none,,
APT_FP_a3058642_17438514,none,,
APT_FP_a3739f37_17441963,low,7.3439,6.5
APT_FP_a446fc64_17446927,none,,
APT_FP_a47e0bb6_17447720,none,,
APT_FP_a4d2970f_17446927,low,1.1814,0.1
APT_FP_a55001ef_17447720,low,3.5992,1.2
APT_FP_a57af4c0_17438514,low,8.4783,5.8
APT_FP_a5bafbcb_17438514,none,,
APT_FP_a5cc60d4_17447720,none,,
APT_FP_a65d959f_17446927,none,,
APT_FP_a6d0b6bc_17441963,low,10.4538,9.9
APT_FP_a7527172_17446927,low,20.028,89.9
APT_FP_a77fbb3e_17446927,none,,
APT_FP_a78922db_17446927,none,,
APT_FP_a78e9117_17447720,low,12.138,5.5
APT_FP_a7f65963_17434935,none,,
APT_FP_a8474e55_17446927,none,,
APT_FP_a8adbcc9_17434935,none,,
APT_FP_a9625a83_17438514,low,18.2208,46.1
APT_FP_aaabac33_17446927,low,4.2204,1.1
APT_FP_aae27212_17446927,none,,
APT_FP_aaf28318_17446927,low,4.7643,0.8
APT_FP_ab044db7_17441963,none,,
APT_FP_ab81d650_17447720,none,,
APT_FP_ab845080_17447720,low,41.0091,67.3
APT_FP_abb11e6f_17434935,none,,
APT_FP_abff3330_17446927,none,,
APT_FP_ac221bd4_17434935,low,2.4845,0.8
APT_FP_ac2e0e4c_17438443,low,2.0615,0.4
APT_FP_acc09f7a_17434935,low,1.7324,0.4
APT_FP_ad1587e5_17446927,low,1.3212,0.2
APT_FP_ad2b5151_17434935,none,,
APT_FP_ad649c06_17441963,low,7.9596,9.3
APT_FP_adcec4e4_17441963,none,,
APT_FP_adf3b0e2_17446927,none,,
APT_FP_ae2c16b6_17446927,low,3.9141,0.6
APT_FP_ae49c706_17438514,none,,
APT_FP_ae5448ce_17446927,none,,
APT_FP_ae6142c2_17434935,low,2.1127,0.5
APT_FP_ae6e36e2_17446927,low,2.2713,0.2
APT_FP_ae8076ae_17438443,none,,
APT_FP_aeab0fdc_17447720,low,9.9356,5.8
APT_FP_afb5e19c_17434935,none,,
APT_FP_b0574d55_17434935,none,,
APT_FP_b05caaaf_17446941,none,,
APT_FP_b0867c86_17434935,none,,
APT_FP_b090929e_17434935,none,,
APT_FP_b0b721ff_17434935,none,,
APT_FP_b0f96df1_17446927,low,4.5639,0.8
APT_FP_b1d81487_17446927,none,,
APT_FP_b1fb00c8_17446941,low,1.4988,0.1
APT_FP_b2060abb_17446927,low,2.4956,1.1
APT_FP_b212fa78_17447720,low,11.4041,5.7
APT_FP_b22f19ca_17446927,low,3.9613,0.6
APT_FP_b252d8bd_17441963,none,,
APT_FP_b26a25bf_17434935,none,,
APT_FP_b2735e6e_17446927,low,3.7927,0.6
APT_FP_b28e29e4_17434935,low,7.7197,9.5
APT_FP_b3301fa9_17434935,none,,
APT_FP_b3430a04_17446927,low,4.4203,1.3
APT_FP_b3b785ca_17447720,none,,
APT_FP_b3cd2ec4_17446927,low,3.2628,0.7
APT_FP_b3f29ab2_17446941,low,4.5221,1.4
APT_FP_b3ffbc8e_17441963,none,,
APT_FP_b40aaf0a_17446927,none,,
APT_FP_b411e224_17446927,low,0.9837,0.0
APT_FP_b4132297_17434935,none,,
APT_FP_b42c7a95_17438514,low,18.2508,65.3
APT_FP_b433cc84_17434935,low,8.5735,18.2
APT_FP_b4abfb99_17447720,low,3.5992,1.0
APT_FP_b4c17e4d_17446927,none,,
APT_FP_b4fc2b4d_17447720,none,,
APT_FP_b5069e3c_17447720,low,2.1429,0.4
APT_FP_b51753b4_17434935,low,8.0876,12.2
APT_FP_b5851b21_17446927,low,4.1745,0.7
APT_FP_b5a197af_17446927,none,,
APT_FP_b5e5fca0_17447720,none,,
APT_FP_b5ea2b5a_17446927,low,4.8135,0.9
APT_FP_b66fda80_17446927,low,4.8659,3.4
APT_FP_b68eb77a_17434935,none,,
APT_FP_b71403d7_17441963,low,10.2089,26.4
APT_FP_b7499fbb_17446927,low,3.4624,0.8
APT_FP_b7626c88_17447720,low,2.6901,0.6
APT_FP_b7daef34_17447720,low,12.4545,6.0
APT_FP_b80bee65_17434935,low,1.1992,0.3
APT_FP_b81f61f4_17446927,low,4.4836,0.7
APT_FP_b8d5ddee_17447720,none,,
APT_FP_b8dee4b2_17446927,low,5.0141,0.9
APT_FP_b8ec3dac_17446927,low,3.8698,0.6
APT_FP_b93425ca_17447720,low,11.2977,4.8
APT_FP_b9a1e73c_17447720,none,,
APT_FP_b9a9a7c8_17446927,low,4.8573,0.8
APT_FP_b9c6c0ff_17446927,low,3.1275,0.4
APT_FP_ba50a954_17441963,none,,
APT_FP_ba510ad4_17434935,low,8.7572,8.6
APT_FP_ba698c4a_17447720,none,,
APT_FP_ba8ee6c8_17446927,none,,
APT_FP_baac005e_17438514,none,,
APT_FP_baba947b_17434935,none,,
APT_FP_bad062b1_17447720,none,,
APT_FP_bb650fcb_17447720,low,4.8305,2.0
APT_FP_bb843792_17447720,low,11.252,4.9
APT_FP_bbc347e6_17446927,none,,
APT_FP_bbdd2546_17434935,none,,
APT_FP_bbe4a961_17446927,none,,
APT_FP_bc025121_17434935,low,13.5313,9.4
APT_FP_bd50981b_17446927,low,8.9003,3.7
APT_FP_bdd51748_17446941,none,,
APT_FP_bddee69a_17446927,low,4.812,0.9
APT_FP_bdff5129_17446927,low,2.6784,0.3
APT_FP_bdff9b7f_17441963,none,,
APT_FP_be34a318_17441963,none,,
APT_FP_bec85235_17446927,low,1.1119,0.1
APT_FP_bee2b17c_17446927,low,3.9226,0.6
APT_FP_bf0351c4_17438514,none,,
APT_FP_bf187f64_17441963,none,,
APT_FP_bf2a945f_17446927,none,,
APT_FP_bf36a69f_17446927,low,4.1868,0.7
APT_FP_bf36b6d7_17446927,low,2.0153,0.3
APT_FP_bf53ce95_17447720,low,9.6669,5.6
APT_FP_bf7afa02_17446927,low,3.6691,0.6
APT_FP_bfa7e599_17447720,none,,
APT_FP_bfc1e684_17446927,none,,
APT_FP_c014fcbb_17447720,low,12.1232,5.5
APT_FP_c0a8771c_17447720,low,10.0319,3.9
APT_FP_c10c651f_17446927,none,,
APT_FP_c1238f8c_17446927,low,12.1158,5.8
APT_FP_c1410c71_17438514,none,,
APT_FP_c1619a58_17438514,none,,
APT_FP_c1c0e48f_17434935,low,5.9375,5.0
APT_FP_c1cdcded_17446927,none,,
APT_FP_c1f986ff_17434935,none,,
APT_FP_c28d2f43_17441963,none,,
APT_FP_c28e30e7_17446941,low,5.2487,0.9
APT_FP_c2e5b6a3_17446927,none,,
APT_FP_c2f38613_17434935,none,,
APT_FP_c32e13b7_17434935,low,2.4896,0.6
APT_FP_c33d561e_17441963,low,8.0107,9.3
APT_FP_c3671434_17446927,none,,
APT_FP_c3bacadc_17446927,none,,
APT_FP_c3ea5df0_17446927,low,4.9704,0.9
APT_FP_c42d9d1a_17447720,none,,
APT_FP_c48a1c3c_17447720,none,,
APT_FP_c528ddc2_17434935,none,,
APT_FP_c5439687_17446927,low,4.534,0.9
APT_FP_c5721f18_17438514,none,,
APT_FP_c5a8c86f_17446927,low,4.0226,0.6
APT_FP_c5d26cc9_17446927,low,13.5836,5.7
APT_FP_c5e9632a_17446927,low,5.1222,1.9
APT_FP_c62a4b85_17446927,low,3.1216,0.7
APT_FP_c63a40e5_17434935,none,,
APT_FP_c6ad9564_17447720,none,,
APT_FP_c6ca7fd3_17438514,low,8.4397,9.0
APT_FP_c727665d_17446941,none,,
APT_FP_c7cdeac1_17446927,low,3.3097,0.5
APT_FP_c7d53b95_17446927,none,,
APT_FP_c7dfce07_17438514,low,8.4644,5.5
APT_FP_c8d78445_17447720,none,,
APT_FP_c8e57520_17446927,low,4.4891,0.7
APT_FP_c8ec173f_17447720,none,,
APT_FP_c910f47f_17446927,none,,
APT_FP_c92c6de0_17441963,none,,
APT_FP_c950bdd2_17446927,low,2.6341,0.3
APT_FP_c9744bc9_17441963,none,,
APT_FP_c994b2c9_17446927,none,,
APT_FP_ca72bc6a_17438443,low,23.6076,55.3
APT_FP_ca809707_17446927,none,,
APT_FP_cb5ed745_17446927,low,5.657,1.3
APT_FP_cc429aeb_17441963,low,8.4231,13.3
APT_FP_cc574e33_17446927,low,10.4619,6.0
APT_FP_cd266803_17438443,low,26.8732,70.0
APT_FP_cd4c4224_17447720,low,9.5465,5.3
APT_FP_cd6e5a06_17434935,none,,
APT_FP_cd78bcb9_17434935,none,,
APT_FP_cd9d4b96_17446927,low,5.657,1.3
APT_FP_cdd19b15_17438514,none,,
APT_FP_cdd3be90_17441963,none,,
APT_FP_ce9072d2_17439897,none,,
APT_FP_ced51260_17434935,none,,
APT_FP_cf35caed_17441963,low,7.404,17.4
APT_FP_cf5b6f60_17446927,low,3.3565,0.5
APT_FP_d0280a90_17446927,none,,
APT_FP_d09940b3_17446927,none,,
APT_FP_d1426183_17434935,none,,
APT_FP_d14d19e9_17446927,none,,
APT_FP_d1856cd9_17447720,low,3.1088,0.9
APT_FP_d197d337_17447720,none,,
APT_FP_d19db274_17446927,none,,
APT_FP_d1c4b210_17446927,none,,
APT_FP_d2759e88_17447720,low,4.6978,2.1
APT_FP_d292a77f_17441963,low,7.8734,7.6
APT_FP_d3027527_17441963,none,,
APT_FP_d30e8761_17441963,none,,
APT_FP_d317640b_17447720,none,,
APT_FP_d31be8c3_17446927,none,,
APT_FP_d34141f1_17441963,none,,
APT_FP_d3616c71_17441963,none,,
APT_FP_d38ec064_17434935,none,,
APT_FP_d38f9a73_17446927,low,4.7643,0.8
APT_FP_d3c0eb77_17446927,low,4.2379,0.6
APT_FP_d3ea63cd_17447720,low,10.1886,4.7
APT_FP_d4c3c8c3_17447720,none,,
APT_FP_d4ea7f0c_17439897,none,,
APT_FP_d4f65c93_17446927,low,1.8004,0.3
APT_FP_d58adb6a_17434935,low,12.8818,9.6
APT_FP_d5aaae66_17446927,low,9.6565,5.9
APT_FP_d5bf56b3_17446927,low,10.8817,5.0
APT_FP_d5c46e4c_17446927,none,,
APT_FP_d5f97877_17446927,none,,
APT_FP_d6b75add_17446927,none,,
APT_FP_d6b9f099_17447720,low,11.8522,5.2
APT_FP_d6e0dbb4_17446927,low,4.1335,0.6
APT_FP_d6e34a24_17441963,none,,
APT_FP_d76a3930_17446927,low,8.9515,4.6
APT_FP_d7ff12c7_17447720,low,3.0642,0.8
APT_FP_d85741cd_17446927,low,6.3118,1.6
APT_FP_d8630c45_17446927,low,2.0068,0.3
APT_FP_d86d1203_17446927,none,,
APT_FP_d89dce24_17446927,low,3.6194,1.1
APT_FP_d9c24123_17434935,none,,
APT_FP_da5c4704_17438514,none,,
APT_FP_daa0c59a_17446927,low,2.8249,0.8
APT_FP_dac33459_17446927,none,,
APT_FP_dbe09fd9_17446927,low,2.5583,0.7
APT_FP_dc3f59ed_17446927,low,4.9158,0.9
APT_FP_dc81f95e_17446927,low,3.032,0.6
APT_FP_dca7092a_17441963,none,,
APT_FP_dccec571_17434935,none,,
APT_FP_dce6891e_17446927,low,2.3109,0.4
APT_FP_dd68d1d1_17446927,low,4.2854,0.7
APT_FP_dd9172c6_17446941,low,3.2304,1.7
APT_FP_ddbeb9ab_17447720,low,8.1159,5.6
APT_FP_ddf5812c_17434935,low,2.8958,1.5
APT_FP_ddf59c69_17446927,low,4.0332,0.4
APT_FP_de57f27e_17434935,none,,
APT_FP_de71b76b_17447720,low,9.9508,5.3
APT_FP_de98c8aa_17447720,low,3.1246,0.5
APT_FP_dee937df_17446927,none,,
APT_FP_def00d6b_17447720,none,,
APT_FP_df4ae897_17441963,none,,
APT_FP_df6585bb_17446927,low,5.657,1.2
APT_FP_dfab1c3d_17446927,low,3.6579,0.9
APT_FP_dfdea22d_17438443,low,26.9132,51.4
APT_FP_e095a62d_17434935,none,,
APT_FP_e0ac7bb8_17438443,low,7.765,4.8
APT_FP_e0b01072_17434935,none,,
APT_FP_e1141f74_17446927,low,2.2584,0.3
APT_FP_e1383fc5_17434935,low,2.4069,0.7
APT_FP_e171d290_17446927,low,5.657,1.1
APT_FP_e1b3302e_17434935,none,,
APT_FP_e277c2ec_17441963,low,9.23,15.2
APT_FP_e2a19790_17447720,none,,
APT_FP_e2d084ba_17446941,low,10.0226,4.1
APT_FP_e307f52a_17447720,low,3.0855,0.8
APT_FP_e37e7412_17446927,low,4.4937,1.3
APT_FP_e3906ea8_17434935,none,,
APT_FP_e3b45399_17447720,none,,
APT_FP_e3e93246_17446927,low,4.1777,1.1
APT_FP_e42d2c87_17434935,low,3.7316,2.2
APT_FP_e4bf38db_17441963,low,8.0279,9.3
APT_FP_e548e321_17434935,none,,
APT_FP_e5888c70_17447720,none,,
APT_FP_e58e3ffe_17446927,low,4.2139,0.7
APT_FP_e5d4b8a7_17447720,none,,
APT_FP_e6e2df61_17441963,low,6.797,17.0
APT_FP_e7037257_17447720,low,1.4961,0.2
APT_FP_e70d8b29_17438514,low,30.0364,258.4
APT_FP_e733784c_17446927,low,4.2392,0.7
APT_FP_e7669227_17447720,low,10.7634,6.0
APT_FP_e7b6ae46_17447720,none,,
APT_FP_e8578ec3_17434935,none,,
APT_FP_e86d8b20_17446927,low,10.4519,6.0
APT_FP_e8c348cf_17434935,none,,
APT_FP_ea45ffd3_17447720,none,,
APT_FP_ea5484c0_17439897,none,,
APT_FP_ea816d85_17446927,low,4.2379,0.7
APT_FP_eb36ea41_17446941,none,,
APT_FP_eb48388b_17434935,none,,
APT_FP_ebc0256a_17446927,low,4.4891,0.8
APT_FP_ec37928f_17438514,low,23.2258,84.7
APT_FP_ecc6f2ee_17434935,none,,
APT_FP_ed276d74_17434935,none,,
APT_FP_ed3ba70d_17434935,low,6.2821,5.6
APT_FP_edd60c9f_17447720,none,,
APT_FP_eddd812c_17438443,low,7.7484,5.5
APT_FP_ee524d19_17434935,none,,
APT_FP_eed017a3_17438514,none,,
APT_FP_eef8fec6_17446927,low,2.5942,0.2
APT_FP_ef15656f_17434935,none,,
APT_FP_f0d19ac4_17446927,low,2.9199,0.4
APT_FP_f0d92121_17446927,low,2.3812,0.3
APT_FP_f1289cad_17447720,none,,
APT_FP_f20b8c49_17434935,none,,
APT_FP_f278ec79_17446927,low,0.9837,0.0
APT_FP_f27e0f65_17446927,low,4.2379,0.7
APT_FP_f2cda47b_17434935,none,,
APT_FP_f3059575_17446927,low,3.2917,0.4
APT_FP_f365e85c_17446927,low,2.4075,0.2
APT_FP_f391369a_17447720,none,,
APT_FP_f3cc46e5_17446927,low,4.8074,0.9
APT_FP_f42521a5_17447720,low,3.0503,0.9
APT_FP_f44d0c38_17446927,low,6.5395,3.1
APT_FP_f4ba7459_17447720,low,12.5953,5.9
APT_FP_f4ce49c7_17441963,none,,
APT_FP_f4fc0dd8_17446927,none,,
APT_FP_f5099cb1_17438514,none,,
APT_FP_f527b937_17438443,none,,
APT_FP_f577a5bd_17446927,none,,
APT_FP_f578afcf_17446927,none,,
APT_FP_f6039f88_17435728,none,,
APT_FP_f6362f38_17446927,low,3.2843,0.7
APT_FP_f63dcea3_17446927,low,4.9158,0.9
APT_FP_f64cc0e8_17438443,none,,
APT_FP_f71c84ba_17446927,low,3.155,0.7
APT_FP_f72ae336_17447720,none,,
APT_FP_f7366e87_17434935,none,,
APT_FP_f75691d6_17447720,none,,
APT_FP_f7e121c6_17438443,none,,
APT_FP_f884c158_17446927,none,,
APT_FP_f8b0637c_17446927,low,5.657,1.2
APT_FP_f8cb2905_17434935,low,7.9891,6.3
APT_FP_f91e8f95_17446927,none,,
APT_FP_f933946d_17446927,low,2.588,0.2
APT_FP_f938595a_17434935,none,,
APT_FP_fa02042e_17446927,low,4.2152,0.7
APT_FP_fa1c3a5c_17434935,none,,
APT_FP_fa735bbc_17447720,low,12.068,14.0
APT_FP_fa86dfd0_17446927,low,2.6784,0.3
APT_FP_fabc650a_17446927,low,5.2212,1.1
APT_FP_fb5653e8_17446927,low,4.5401,1.2
APT_FP_fb71a4fb_17446927,low,4.1668,0.7
APT_FP_fb9dd087_17446927,low,3.4001,0.8
APT_FP_fbe6279f_17446927,none,,
APT_FP_fc255eae_17438514,none,,
APT_FP_fc8f0cfc_17446927,none,,
APT_FP_fd5d889d_17446941,low,1.686,0.2
APT_FP_fe2b0d43_17446927,none,,
APT_FP_fe92e446_17446927,low,4.8135,0.9
APT_FP_ff2af046_17447720,low,11.4041,4.8
APT_FP_ff36030a_17447720,none,,
APT_FP_ff500c56_17434935,low,1.0612,0.2
APT_FP_ff6bc38a_17446927,low,4.4389,1.3
APT_FP_ff79b949_17446927,none,,
APT_FP_ff9a5ee9_17447720,low,3.5976,1.2
APT_FP_fff03c09_17446927,low,4.1975,1.0
DEH_FP_0003b6a2_17442034,none,,
DEH_FP_0312c4af_17441963,none,,
DEH_FP_03445500_17445033,none,,
DEH_FP_0a52929e_17441963,none,,
DEH_FP_0d61213f_17442034,none,,
DEH_FP_0dca9eec_17442034,none,,
DEH_FP_0fb823b6_17441963,none,,
DEH_FP_11535f8c_17442034,none,,
DEH_FP_12813e88_17441963,none,,
DEH_FP_13ad5854_17441963,none,,
DEH_FP_188bfb37_17442034,none,,
DEH_FP_189a1059_17445033,none,,
DEH_FP_1a074f74_17442034,none,,
DEH_FP_1b8ef69e_17446927,none,,
DEH_FP_1c28914b_17441963,none,,
DEH_FP_1de9227e_17442034,none,,
DEH_FP_1f11086a_17441963,none,,
DEH_FP_2102428e_17446927,none,,
DEH_FP_21d05e11_17446927,none,,
DEH_FP_21d5ffa3_17441963,none,,
DEH_FP_21fce6ce_17442034,none,,
DEH_FP_24598433_17442034,none,,
DEH_FP_249a3fc7_17441963,none,,
DEH_FP_25a96e00_17441963,none,,
DEH_FP_265049c4_17442034,low,1.6296,0.8
DEH_FP_2933e5f3_17442034,none,,
DEH_FP_29b65bca_17441963,none,,
DEH_FP_2a756d22_17441963,none,,
DEH_FP_2b5f0c55_17442034,none,,
DEH_FP_2b7d5aee_17441963,none,,
DEH_FP_2d080797_17441963,none,,
DEH_FP_2d68ce05_17445033,none,,
DEH_FP_2dcc2058_17442034,low,6.4924,16.7
DEH_FP_2edb59cc_17445033,none,,
DEH_FP_30a2f9a9_17445033,none,,
DEH_FP_33de6191_17442034,none,,
DEH_FP_34bfab9a_17441963,none,,
DEH_FP_353dcadc_17441963,none,,
DEH_FP_35548713_17442034,none,,
DEH_FP_38b20f9e_135468663,none,,
DEH_FP_395a1d88_17441963,none,,
DEH_FP_40136a19_17442034,none,,
DEH_FP_41e61125_17442034,low,1.4064,0.5
DEH_FP_43284531_17441963,none,,
DEH_FP_43afc655_17434935,none,,
DEH_FP_45e511ba_17442034,none,,
DEH_FP_4601ff6c_17442034,none,,
DEH_FP_4651f46d_17442034,low,1.7506,0.4
DEH_FP_48a405a0_17434935,none,,
DEH_FP_4a36eeac_17442034,none,,
DEH_FP_4d2b5aa7_17441963,none,,
DEH_FP_4deddb67_17441963,none,,
DEH_FP_4f48fecc_17442034,none,,
DEH_FP_51105ce0_17445033,none,,
DEH_FP_530e3800_17442034,low,1.5299,0.6
DEH_FP_53761bc5_17441963,none,,
DEH_FP_57a65542_17442034,none,,
DEH_FP_57ec197f_17445033,none,,
DEH_FP_589fbe5c_17442034,none,,
DEH_FP_5a5c8486_17445033,none,,
DEH_FP_5b4795bc_17446927,none,,
DEH_FP_5b72ae18_17442034,none,,
DEH_FP_5d98fa98_17441963,none,,
DEH_FP_5e704d33_17446927,none,,
DEH_FP_5ea22442_17441963,none,,
DEH_FP_5eaaa27c_17441963,none,,
DEH_FP_617cf92a_17441963,none,,
DEH_FP_6214131d_17442034,none,,
DEH_FP_625e283d_17442034,none,,
DEH_FP_6264552a_17441963,none,,
DEH_FP_684efa67_8703024,low,6.5217,0.7
DEH_FP_6b6d048e_17442034,none,,
DEH_FP_6cbaef11_17442034,none,,
DEH_FP_6e6f8e72_17441963,none,,
DEH_FP_6fba9c44_17441963,none,,
DEH_FP_71bfb97e_17441963,none,,
DEH_FP_7257a703_17442034,none,,
DEH_FP_727cb0ac_17442034,none,,
DEH_FP_729c132b_17441963,none,,
DEH_FP_730b1e33_17445033,none,,
DEH_FP_740f6f38_17441963,none,,
DEH_FP_752a9386_17442034,none,,
DEH_FP_752b5066_17434935,none,,
DEH_FP_7650dd4f_17442034,none,,
DEH_FP_78c9e143_17441963,none,,
DEH_FP_79341d22_17441963,none,,
DEH_FP_79697a35_17442034,none,,
DEH_FP_7b97718c_17442034,none,,
DEH_FP_7baf6a35_17442034,none,,
DEH_FP_7e159604_17442034,none,,
DEH_FP_8273860b_17442034,none,,
DEH_FP_843ae3bf_17446927,none,,
DEH_FP_84cc8597_17442034,none,,
DEH_FP_84d8a8dc_17442034,none,,
DEH_FP_8598f3c8_17445033,none,,
DEH_FP_85d4e816_17446927,none,,
DEH_FP_8674dc7e_17441963,none,,
DEH_FP_86be7934_17441963,none,,
DEH_FP_8b278db2_17441963,none,,
DEH_FP_8ee6765f_17441963,none,,
DEH_FP_8f768080_17445033,none,,
DEH_FP_923db380_17442034,none,,
DEH_FP_928b0b31_17442034,none,,
DEH_FP_92c4a4f3_17441963,none,,
DEH_FP_95538f63_17441963,none,,
DEH_FP_9784abd3_135468663,none,,
DEH_FP_97e667d4_17446927,none,,
DEH_FP_981b27ed_17442034,none,,
DEH_FP_98f4ca52_17441963,none,,
DEH_FP_99d2f240_17442034,none,,
DEH_FP_9ab6324e_17441963,none,,
DEH_FP_9ba18f26_17441963,none,,
DEH_FP_9bcf32b3_17441963,none,,
DEH_FP_9cac369b_17446927,low,1.6405,0.4
DEH_FP_9d07eed4_17442034,none,,
DEH_FP_9d6f8db5_17441963,none,,
DEH_FP_9dfc9d02_17442034,none,,
DEH_FP_9e101ec4_17441963,none,,
DEH_FP_9e5d7b54_17441963,none,,
DEH_FP_a046dfb5_17442034,none,,
DEH_FP_a10c3ad4_17441963,none,,
DEH_FP_a2443cd3_17442034,none,,
DEH_FP_a3706bdb_17434935,none,,
DEH_FP_a5499605_17441963,none,,
DEH_FP_a556c7c6_17442034,none,,
DEH_FP_a5dca2af_17441963,none,,
DEH_FP_a7aefc14_17441963,none,,
DEH_FP_a7c19ab5_17445033,none,,
DEH_FP_a85cc89d_17441963,none,,
DEH_FP_a891f660_17441963,none,,
DEH_FP_a92a9f04_17441963,none,,
DEH_FP_ac333ea7_17441963,none,,
DEH_FP_acb2f350_17442034,low,4.2333,9.0
DEH_FP_acc505f0_17442034,none,,
DEH_FP_ad7c7028_17442034,none,,
DEH_FP_ade77371_17441963,none,,
DEH_FP_adfa5a8a_17441963,none,,
DEH_FP_af6ef5ab_17446927,low,6.5574,4.2
DEH_FP_b077eb74_17445033,none,,
DEH_FP_b23a2022_17442034,none,,
DEH_FP_b3dbc078_17442034,none,,
DEH_FP_b3e48bec_17441963,none,,
DEH_FP_b4d0e0d9_17441963,none,,
DEH_FP_b517d85a_17442034,none,,
DEH_FP_b70befc2_17441963,none,,
DEH_FP_b7b2dfcc_17445033,none,,
DEH_FP_b7ee022c_17442034,none,,
DEH_FP_b8446b03_17442034,none,,
DEH_FP_b9b84b8a_17442034,none,,
DEH_FP_bacb0f93_17442034,none,,
DEH_FP_bcfc696f_17445033,none,,
DEH_FP_be1e3b78_17445033,none,,
DEH_FP_bf318123_17442034,none,,
DEH_FP_bff49708_17441963,none,,
DEH_FP_c0ba3314_17441963,none,,
DEH_FP_c18978f0_17446927,none,,
DEH_FP_c2b30747_17441963,low,0.6021,0.0
DEH_FP_c492380c_17441963,none,,
DEH_FP_c53848b2_17441963,none,,
DEH_FP_c6963824_17441963,none,,
DEH_FP_c79d62f4_17441963,none,,
DEH_FP_c7b49fd5_17441963,none,,
DEH_FP_c89aed2f_17441963,none,,
DEH_FP_ca332efd_17441963,none,,
DEH_FP_ccc1eeba_17441963,none,,
DEH_FP_ccdd8f66_17441963,none,,
DEH_FP_cd5d1c6a_17441963,none,,
DEH_FP_cdb3c1f1_17442034,none,,
DEH_FP_cde66771_17441963,none,,
DEH_FP_d2bc0cd9_17445033,none,,
DEH_FP_d481c8cb_17441963,none,,
DEH_FP_d5c3484e_17441963,none,,
DEH_FP_d747a0cc_17446927,none,,
DEH_FP_d7b1f55c_17442034,none,,
DEH_FP_d9757cec_17441963,none,,
DEH_FP_da000c55_17441963,none,,
DEH_FP_da5c69b5_17442034,none,,
DEH_FP_db612f68_17442034,none,,
DEH_FP_db8b6fda_17441963,none,,
DEH_FP_dd48e238_17442034,none,,
DEH_FP_dd612f6c_17441963,none,,
DEH_FP_de724fb8_17441963,none,,
DEH_FP_debdef39_17442034,none,,
DEH_FP_e09e0361_135468663,none,,
DEH_FP_e3635c15_17441963,none,,
DEH_FP_e3e04df5_17441963,none,,
DEH_FP_e3ff6991_17441963,none,,
DEH_FP_e443feda_17442034,none,,
DEH_FP_e49f23bf_17445033,none,,
DEH_FP_e4ff4cc4_17446927,none,,
DEH_FP_e7f8cbf9_17441963,none,,
DEH_FP_e981b8d2_17442034,none,,
DEH_FP_ea2f9339_17441963,none,,
DEH_FP_eb65dec8_17445033,none,,
DEH_FP_ece41985_17441963,none,,
DEH_FP_ef154093_17441963,none,,
DEH_FP_f16a3c64_17446927,none,,
DEH_FP_f2aa9845_17441963,none,,
DEH_FP_f2c5130f_17441963,none,,
DEH_FP_f2e2dd5c_17441963,none,,
DEH_FP_f7ea134a_17442034,none,,
DEH_FP_f9274050_17441963,none,,
DEH_FP_fa2c58a2_17442034,none,,
DEH_FP_fa8eedc9_17441963,none,,
DEH_FP_faa0d741_17442034,none,,
DEH_FP_fc7a85f1_17441963,none,,
DEH_FP_fcdd2aff_17446927,none,,
DEH_FP_fde12447_17442034,none,,
ROW_FP_00148325_17442034,none,,
ROW_FP_0067c8de_17442034,none,,
ROW_FP_00ab57d1_17442034,low,5.2518,5.2
ROW_FP_013a96ba_17442034,none,,
ROW_FP_024f77db_17441963,none,,
ROW_FP_02629598_17442034,none,,
ROW_FP_05634e48_17442034,none,,
ROW_FP_05afd3da_17441963,low,7.8966,2.4
ROW_FP_06685d0a_17442034,none,,
ROW_FP_078f3327_17441977,none,,
ROW_FP_0914d2a2_17441963,none,,
ROW_FP_092104a9_17441963,low,3.4608,0.5
ROW_FP_0974ab2e_17441963,none,,
ROW_FP_0a74d440_17442034,none,,
ROW_FP_0b50b3ed_17442034,none,,
ROW_FP_0b61494b_17441963,none,,
ROW_FP_1021cd64_17442034,none,,
ROW_FP_12d727bc_17442034,none,,
ROW_FP_150fd086_17441963,none,,
ROW_FP_160a6497_17441963,none,,
ROW_FP_17c70e11_17441963,low,7.7493,2.3
ROW_FP_18034bd3_17441977,none,,
ROW_FP_1816cc10_17441963,low,3.2478,1.0
ROW_FP_1a0e389e_17442034,none,,
ROW_FP_1a1df8c7_17442034,none,,
ROW_FP_1e57d56d_17441963,none,,
ROW_FP_204f4b2c_17441963,none,,
ROW_FP_206c431a_17442034,none,,
ROW_FP_2120cda2_17441963,low,1.9498,1.0
ROW_FP_217e7a35_17442034,none,,
ROW_FP_22b68a15_17441977,low,1.302,0.2
ROW_FP_234b649e_17441963,none,,
ROW_FP_23c82951_17441963,none,,
ROW_FP_23cb3f74_17441963,low,7.6724,2.3
ROW_FP_241378c9_17442034,low,1.7836,0.6
ROW_FP_2816ae3b_17442034,low,4.5852,4.6
ROW_FP_28744b32_17442034,none,,
ROW_FP_295bb3b3_17442034,none,,
ROW_FP_2b3942e2_17441963,low,14.9749,14.7
ROW_FP_2d077865_17441963,none,,
ROW_FP_2e840feb_17441963,none,,
ROW_FP_2fc6e053_17442034,low,4.5252,2.8
ROW_FP_3181165c_17442034,low,1.9541,0.7
ROW_FP_3222b8c6_17441963,none,,
ROW_FP_32815e11_17441977,low,15.0304,14.2
ROW_FP_336391ca_17441963,none,,
ROW_FP_33b8de64_17442034,none,,
ROW_FP_34d02c7f_17441977,none,,
ROW_FP_3554a148_17441963,none,,
ROW_FP_35bda8b6_17441977,none,,
ROW_FP_36187e08_17441963,low,8.0952,2.7
ROW_FP_39dffa54_17442034,none,,
ROW_FP_3a3a5178_17442034,none,,
ROW_FP_3a74a6cb_17442034,low,4.221,2.8
ROW_FP_3c0f542e_17442034,low,1.9532,0.7
ROW_FP_3c486bf7_17442034,none,,
ROW_FP_3cc6e2bc_17441977,none,,
ROW_FP_3d3f24bc_17442034,none,,
ROW_FP_3f00b9c2_17441963,low,14.9939,14.1
ROW_FP_41122aad_17441963,none,,
ROW_FP_42b6f638_17441977,none,,
ROW_FP_43fab224_17441963,none,,
ROW_FP_461dd460_17441963,none,,
ROW_FP_46cc8d0c_17442034,none,,
ROW_FP_46f9cd31_17441963,none,,
ROW_FP_488972c1_17441963,none,,
ROW_FP_48ce95d0_17442034,low,4.5252,2.8
ROW_FP_4946d5ec_17441977,none,,
ROW_FP_496da0b0_17441963,none,,
ROW_FP_496dc2c4_17441963,low,34.959,107.5
ROW_FP_4986040d_17441963,none,,
ROW_FP_4a821d6b_17441963,low,14.9939,15.1
ROW_FP_4e7243c9_17441963,low,1.9796,0.4
ROW_FP_4fd1bc6b_17441963,none,,
ROW_FP_501634c5_17441963,low,14.9939,16.3
ROW_FP_505181a6_17441963,none,,
ROW_FP_5179b6b6_17442034,low,2.3782,0.8
ROW_FP_51882057_17441963,none,,
ROW_FP_51b08ac4_17441977,none,,
ROW_FP_52823da2_17442034,low,1.3548,0.2
ROW_FP_55adcd15_17442034,none,,
ROW_FP_56bdb85a_17441963,low,1.7012,0.2
ROW_FP_5753534c_17441963,low,8.5755,6.2
ROW_FP_5c1eaced_17441963,none,,
ROW_FP_5c21ea11_17441963,none,,
ROW_FP_5d60116e_17441963,none,,
ROW_FP_5d64df6e_17441963,low,2.466,0.4
ROW_FP_5d7bf48e_17441963,none,,
ROW_FP_5e2293de_17442034,none,,
ROW_FP_61517260_17442034,none,,
ROW_FP_61af2fa2_17441977,none,,
ROW_FP_63b820a3_17441977,none,,
ROW_FP_645740cb_17442034,none,,
ROW_FP_65bd7b52_17442034,none,,
ROW_FP_68572c38_17442034,none,,
ROW_FP_6a427975_17442034,low,2.3848,0.8
ROW_FP_6be9caa6_17442034,none,,
ROW_FP_6c3e2652_17441963,none,,
ROW_FP_6c518911_17441963,none,,
ROW_FP_6c70ec56_17442034,none,,
ROW_FP_6c800691_17442034,none,,
ROW_FP_6cf2e13f_17441963,none,,
ROW_FP_6e0f8896_17442034,none,,
ROW_FP_6e724117_17441963,none,,
ROW_FP_6e891fec_17442034,none,,
ROW_FP_6f6e91c0_17441963,none,,
ROW_FP_7011aac3_17441977,none,,
ROW_FP_71522009_17442034,low,1.3534,0.4
ROW_FP_71b4aac8_17441977,low,1.9796,0.3
ROW_FP_71de82ef_17442034,none,,
ROW_FP_725f0745_17441963,none,,
ROW_FP_729f88cf_17441963,none,,
ROW_FP_72d20b12_17441963,none,,
ROW_FP_73b99f17_17441963,none,,
ROW_FP_7437709e_17441963,low,1.968,0.3
ROW_FP_7566d032_17441963,none,,
ROW_FP_7595641d_17441963,none,,
ROW_FP_796d2036_17441977,low,3.0353,0.5
ROW_FP_7975ae37_17441977,none,,
ROW_FP_7a860b05_17442034,none,,
ROW_FP_7bbb67a6_17441963,none,,
ROW_FP_7c6804d5_17441963,none,,
ROW_FP_7c785ae0_17441963,none,,
ROW_FP_7c9e57ab_17441963,low,2.1061,0.3
ROW_FP_7d53113d_17441963,low,2.0816,0.2
ROW_FP_7d97c8e8_17441963,low,2.9361,0.3
ROW_FP_7e00976d_17442034,none,,
ROW_FP_7eacca86_17442034,none,,
ROW_FP_7fe91dad_17441963,none,,
ROW_FP_8078edb9_17441963,none,,
ROW_FP_83cc303d_17442034,low,1.9515,1.1
ROW_FP_85a0564b_17441963,none,,
ROW_FP_861b5908_17442034,none,,
ROW_FP_869132fa_17441963,low,14.9685,16.1
ROW_FP_87cd4934_17441963,none,,
ROW_FP_880d0ff1_17441963,low,14.9939,16.0
ROW_FP_884b7913_17441977,none,,
ROW_FP_885560cc_17441963,low,2.543,0.5
ROW_FP_89e661c7_17441963,none,,
ROW_FP_8a46b820_17441963,none,,
ROW_FP_8a4a178b_17441963,none,,
ROW_FP_8a77679a_17442034,none,,
ROW_FP_8d38a248_17441963,none,,
ROW_FP_8dd06e50_17441963,none,,
ROW_FP_8fe97eb1_17441977,none,,
ROW_FP_91f42c91_17441963,none,,
ROW_FP_925a04c4_17441977,low,14.9794,14.0
ROW_FP_96bffabd_17441963,low,14.9431,16.2
ROW_FP_98245867_17442034,none,,
ROW_FP_99480cfd_17442034,none,,
ROW_FP_99fdfd48_17441963,low,3.2497,1.0
ROW_FP_9bd4bbb7_17442034,none,,
ROW_FP_a20f5bfb_17441963,low,1.9796,0.3
ROW_FP_a2e217b8_17442034,none,,
ROW_FP_a336d486_17442034,none,,
ROW_FP_a3ad14b6_17441963,low,1.968,0.4
ROW_FP_a458ec47_17441963,none,,
ROW_FP_a484b1bd_17441963,none,,
ROW_FP_a4ab23e8_17441963,none,,
ROW_FP_a5eef4bc_17441963,low,9.3168,5.3
ROW_FP_a74b4c74_17441963,none,,
ROW_FP_a751e23e_17442034,none,,
ROW_FP_a7594158_17441963,none,,
ROW_FP_a8b6133a_17441963,none,,
ROW_FP_a93c3c8c_17442034,none,,
ROW_FP_aa1d98a5_17441963,none,,
ROW_FP_aa48c687_17442034,none,,
ROW_FP_aa686e97_17441963,none,,
ROW_FP_aa792edf_17441963,low,14.9431,14.0
ROW_FP_aa797a50_17441963,none,,
ROW_FP_ad356a32_17441963,none,,
ROW_FP_ad980814_17442034,none,,
ROW_FP_ae5f96d8_17441977,none,,
ROW_FP_aed00146_17441977,low,2.6803,0.3
ROW_FP_af0309c0_17441963,none,,
ROW_FP_b01d0d2f_17441963,none,,
ROW_FP_b0465d93_17441963,none,,
ROW_FP_b13ee14b_17441963,none,,
ROW_FP_b1b0a936_17441963,low,1.9832,0.3
ROW_FP_b31d8fe3_17442034,none,,
ROW_FP_b34729b8_17442034,none,,
ROW_FP_b3e5b99f_17442034,low,1.9532,0.7
ROW_FP_b5bba501_17441963,none,,
ROW_FP_b5d893ef_17442034,none,,
ROW_FP_ba391827_17441963,none,,
ROW_FP_bb0ebc36_17442034,none,,
ROW_FP_bbc2c1cd_17441977,none,,
ROW_FP_bdc40bc4_17441977,none,,
ROW_FP_c02d1e3c_17442034,none,,
ROW_FP_c11fa8e0_17441963,low,14.9939,14.0
ROW_FP_c15c3bf6_17442034,none,,
ROW_FP_c17920aa_17442034,none,,
ROW_FP_c48d7ace_17441963,none,,
ROW_FP_c553f11b_17442034,none,,
ROW_FP_c5c218b3_17442034,none,,
ROW_FP_c6d9c241_17441963,none,,
ROW_FP_c70db2d5_17442034,none,,
ROW_FP_c868ebc4_17441977,none,,
ROW_FP_c8f12594_17441963,none,,
ROW_FP_ca786c2a_17441963,none,,
ROW_FP_cc51a8a1_17442034,low,1.3569,0.5
ROW_FP_cc7a69e9_17442034,none,,
ROW_FP_cd25be10_17441977,none,,
ROW_FP_cd315734_17441963,low,1.9949,0.4
ROW_FP_cdf469a7_17441963,none,,
ROW_FP_cea7b4c6_17441963,none,,
ROW_FP_d039e4fa_17441963,none,,
ROW_FP_d13e2d48_17441963,low,2.1932,0.2
ROW_FP_d151e49e_17442034,none,,
ROW_FP_d43cdaea_17441963,none,,
ROW_FP_d64591b3_17442034,none,,
ROW_FP_d8d161be_17441963,low,15.8769,11.2
ROW_FP_da07252a_17441977,none,,
ROW_FP_da3dda4d_17441963,none,,
ROW_FP_da68baba_17442034,low,1.6929,0.8
ROW_FP_daa5dead_17441963,none,,
ROW_FP_db43a0bd_17442034,none,,
ROW_FP_db985acc_17441963,low,11.7489,8.5
ROW_FP_dbb558a5_17441963,low,1.9785,0.4
ROW_FP_ddf56185_17442034,none,,
ROW_FP_de0a5557_17441963,low,15.0304,14.2
ROW_FP_de5eb0c0_17442034,none,,
ROW_FP_deeb8327_17441963,low,2.6803,0.3
ROW_FP_df4a5574_17441963,none,,
ROW_FP_e48d1432_17442034,none,,
ROW_FP_e5336fdf_17441963,low,2.0999,0.4
ROW_FP_e53967c0_17442034,none,,
ROW_FP_e56dda6a_17441963,low,7.5,2.8
ROW_FP_e5e5a1dc_17442034,none,,
ROW_FP_e717e082_17442034,none,,
ROW_FP_e91a4778_17441963,low,1.8409,0.1
ROW_FP_e9c2cd70_17442034,none,,
ROW_FP_ea05d9c2_17442034,none,,
ROW_FP_ea0f4c9a_17441963,low,1.968,0.4
ROW_FP_ec3d4bc7_17442034,none,,
ROW_FP_eca60be7_17441963,none,,
ROW_FP_ed262f7d_17442034,none,,
ROW_FP_edfb2dc5_17442034,none,,
ROW_FP_eea6ce21_17442034,low,1.9506,1.1
ROW_FP_ef3e6006_17442034,none,,
ROW_FP_ef861357_17442034,none,,
ROW_FP_f0ec7ed1_17441963,none,,
ROW_FP_f12cacfd_17442034,none,,
ROW_FP_f19b46d7_17442034,none,,
ROW_FP_f21f15b6_17441963,none,,
ROW_FP_f38170b2_17441963,low,11.7489,8.5
ROW_FP_f3c05c69_17442034,none,,
ROW_FP_f48c589b_17441963,low,8.3549,6.4
ROW_FP_f53381fa_17441963,none,,
ROW_FP_f56aa9dd_17441977,none,,
ROW_FP_f8347163_17441963,none,,
ROW_FP_f8ac9a52_17441963,low,2.543,0.5
ROW_FP_f8ecb5ad_17441977,none,,
ROW_FP_f928a3de_17442034,none,,
ROW_FP_f969b54d_17441963,low,1.9796,0.3
ROW_FP_fa0f488f_17441977,none,,
ROW_FP_fae5e24c_17442034,none,,
ROW_FP_fb59a9ca_17442034,none,,
ROW_FP_fbae0d93_17441963,none,,
ROW_FP_fc5d2476_17441963,none,,
ROW_FP_fcc1726d_17442034,none,,
ROW_FP_fe0afda5_17442034,none,,
