graph_id,eid,a,b,via,verdict
APT_FP_00054188_17446927_u0,0,침실,침실,door,
APT_FP_00054188_17446927_u0,1,침실,발코니,open,
APT_FP_00054188_17446927_u0,2,침실,거실,open,
APT_FP_00054188_17446927_u0,3,기타,발코니,door,
APT_FP_00054188_17446927_u0,4,기타,거실,door,
APT_FP_00054188_17446927_u0,5,침실,화장실,door,
APT_FP_00054188_17446927_u0,6,침실,발코니,balcony,
APT_FP_00054188_17446927_u0,7,침실,드레스룸,open,
APT_FP_00054188_17446927_u0,8,침실,거실,open,
APT_FP_00054188_17446927_u0,10,거실,화장실,door,
APT_FP_00054188_17446927_u0,11,거실,현관,door,
APT_FP_00054188_17446927_u0,12,거실,발코니,balcony,
APT_FP_00054188_17446927_u0,13,거실,화장실,open,
APT_FP_00054188_17446927_u0,14,거실,침실,open,
APT_FP_00054188_17446927_u0,15,거실,주방,open,
APT_FP_00054188_17446927_u0,16,발코니,주방,balcony,
APT_FP_00054188_17446927_u0,17,화장실,드레스룸,door,
APT_FP_00054188_17446927_u0,18,드레스룸,현관,door,
APT_FP_00054188_17446927_u0,20,발코니,실외기실,door,
APT_FP_00054188_17446927_u1,0,화장실,드레스룸,door,
APT_FP_00054188_17446927_u1,1,화장실,침실,door,
APT_FP_00054188_17446927_u1,2,화장실,거실,open,
APT_FP_00054188_17446927_u1,3,기타,거실,door,
APT_FP_00054188_17446927_u1,4,기타,화장실,door,
APT_FP_00054188_17446927_u1,5,침실,침실,door,
APT_FP_00054188_17446927_u1,6,침실,거실,door,
APT_FP_00054188_17446927_u1,7,주방,발코니,door,
APT_FP_00054188_17446927_u1,8,주방,거실,open,
APT_FP_00054188_17446927_u1,9,주방,침실,open,
APT_FP_00054188_17446927_u1,10,화장실,현관,door,
APT_FP_00054188_17446927_u1,11,화장실,발코니,open,
APT_FP_00054188_17446927_u1,12,화장실,거실,open,
APT_FP_00054188_17446927_u1,13,실외기실,발코니,door,
APT_FP_00054188_17446927_u1,14,현관,거실,door,
APT_FP_00054188_17446927_u1,16,발코니,침실,balcony,
APT_FP_00054188_17446927_u1,17,침실,거실,open,
APT_FP_00054188_17446927_u1,18,드레스룸,침실,open,
APT_FP_00054188_17446927_u3,0,침실,침실,door,
APT_FP_00054188_17446927_u3,1,침실,발코니,door,
APT_FP_00054188_17446927_u3,2,침실,거실,open,
APT_FP_00054188_17446927_u3,3,주방,발코니,balcony,
APT_FP_00054188_17446927_u3,4,기타,거실,door,
APT_FP_00054188_17446927_u3,5,기타,발코니,balcony,
APT_FP_00054188_17446927_u3,6,침실,화장실,door,
APT_FP_00054188_17446927_u3,7,침실,발코니,balcony,
APT_FP_00054188_17446927_u3,8,침실,드레스룸,open,
APT_FP_00054188_17446927_u3,9,발코니,실외기실,door,
APT_FP_00054188_17446927_u3,10,발코니,거실,door,
APT_FP_00054188_17446927_u3,11,발코니,침실,balcony,
APT_FP_00054188_17446927_u3,12,화장실,드레스룸,door,
APT_FP_00054188_17446927_u3,13,화장실,거실,open,
APT_FP_00054188_17446927_u3,14,화장실,거실,door,
APT_FP_00054188_17446927_u3,15,침실,거실,open,
APT_FP_00054188_17446927_u3,16,현관,거실,door,
APT_FP_00054188_17446927_u3,17,현관,드레스룸,door,
APT_FP_005a2e6f_17447720_u0,0,침실,화장실,door,
APT_FP_005a2e6f_17447720_u0,1,침실,발코니,balcony,
APT_FP_005a2e6f_17447720_u0,2,침실,발코니,balcony,
APT_FP_005a2e6f_17447720_u0,3,침실,실외기실,open,
APT_FP_005a2e6f_17447720_u0,4,침실,주방,open,
APT_FP_005a2e6f_17447720_u0,5,침실,거실,open,
APT_FP_005a2e6f_17447720_u0,6,화장실,실외기실,door,
APT_FP_005a2e6f_17447720_u0,7,화장실,발코니,open,
APT_FP_005a2e6f_17447720_u0,8,화장실,거실,open,
APT_FP_005a2e6f_17447720_u0,9,발코니,침실,balcony,
APT_FP_005a2e6f_17447720_u0,10,발코니,침실,balcony,
APT_FP_005a2e6f_17447720_u0,11,발코니,거실,balcony,
APT_FP_005a2e6f_17447720_u0,12,발코니,발코니,open,
APT_FP_005a2e6f_17447720_u0,13,발코니,실외기실,open,
APT_FP_005a2e6f_17447720_u0,14,실외기실,발코니,balcony,
APT_FP_005a2e6f_17447720_u0,15,주방,발코니,balcony,
APT_FP_005a2e6f_17447720_u0,16,주방,침실,open,
APT_FP_005a2e6f_17447720_u0,17,주방,거실,open,
APT_FP_005a2e6f_17447720_u0,18,침실,침실,door,
APT_FP_005a2e6f_17447720_u0,19,침실,거실,open,
APT_FP_005a2e6f_17447720_u0,20,침실,발코니,door,
APT_FP_005a2e6f_17447720_u0,21,침실,화장실,door,
APT_FP_005a2e6f_17447720_u0,22,침실,거실,open,
APT_FP_005a2e6f_17447720_u0,23,거실,침실,door,
APT_FP_005a2e6f_17447720_u0,24,거실,화장실,open,
APT_FP_005a2e6f_17447720_u0,25,거실,현관,open,
APT_FP_005a2e6f_17447720_u0,26,화장실,현관,door,
APT_FP_005a2e6f_17447720_u1,0,침실,화장실,door,
APT_FP_005a2e6f_17447720_u1,1,침실,거실,open,
APT_FP_005a2e6f_17447720_u1,2,거실,침실,door,
APT_FP_005a2e6f_17447720_u1,3,거실,발코니,balcony,
APT_FP_005a2e6f_17447720_u1,4,거실,화장실,open,
APT_FP_005a2e6f_17447720_u1,5,거실,현관,open,
APT_FP_005a2e6f_17447720_u1,6,거실,주방,open,
APT_FP_005a2e6f_17447720_u1,7,거실,침실,open,
APT_FP_005a2e6f_17447720_u1,8,거실,침실,open,
APT_FP_005a2e6f_17447720_u1,9,침실,화장실,door,
APT_FP_005a2e6f_17447720_u1,10,침실,발코니,balcony,
APT_FP_005a2e6f_17447720_u1,11,침실,드레스룸,open,
APT_FP_005a2e6f_17447720_u1,12,침실,주방,open,
APT_FP_005a2e6f_17447720_u1,14,드레스룸,화장실,door,
APT_FP_005a2e6f_17447720_u1,15,화장실,현관,door,
APT_FP_005a2e6f_17447720_u1,16,화장실,주방,door,
APT_FP_005a2e6f_17447720_u1,17,침실,침실,door,
APT_FP_005a2e6f_17447720_u1,18,주방,실외기실,balcony,
APT_FP_005a2e6f_17447720_u2,0,침실,침실,door,
APT_FP_005a2e6f_17447720_u2,1,침실,거실,open,
APT_FP_005a2e6f_17447720_u2,2,현관,기타,door,
APT_FP_005a2e6f_17447720_u2,3,현관,화장실,open,
APT_FP_005a2e6f_17447720_u2,4,현관,거실,open,
APT_FP_005a2e6f_17447720_u2,7,화장실,침실,door,
APT_FP_005a2e6f_17447720_u2,8,화장실,드레스룸,door,
APT_FP_005a2e6f_17447720_u2,9,화장실,거실,open,
APT_FP_005a2e6f_17447720_u2,10,화장실,주방,open,
APT_FP_005a2e6f_17447720_u2,11,침실,발코니,door,
APT_FP_005a2e6f_17447720_u2,12,침실,거실,open,
APT_FP_005a2e6f_17447720_u2,13,침실,드레스룸,open,
APT_FP_005a2e6f_17447720_u2,14,주방,실외기실,door,
APT_FP_005a2e6f_17447720_u2,15,주방,거실,open,
APT_FP_005a2e6f_17447720_u2,16,침실,거실,door,
APT_FP_005a2e6f_17447720_u2,17,침실,화장실,door,
APT_FP_005a2e6f_17447720_u2,18,침실,거실,open,
APT_FP_005a2e6f_17447720_u2,19,발코니,거실,balcony,
APT_FP_005a2e6f_17447720_u2,20,거실,화장실,open,
APT_FP_005a2e6f_17447720_u2,21,실외기실,드레스룸,balcony,
APT_FP_006482cd_17447720_u0,0,발코니,침실,balcony,
APT_FP_006482cd_17447720_u0,1,발코니,침실,balcony,
APT_FP_006482cd_17447720_u0,2,발코니,거실,balcony,
APT_FP_006482cd_17447720_u0,3,발코니,침실,balcony,
APT_FP_006482cd_17447720_u0,4,발코니,발코니,open,
APT_FP_006482cd_17447720_u0,5,발코니,침실,balcony,
APT_FP_006482cd_17447720_u0,6,주방,발코니,balcony,
APT_FP_006482cd_17447720_u0,7,주방,침실,open,
APT_FP_006482cd_17447720_u0,8,주방,거실,open,
APT_FP_006482cd_17447720_u0,9,현관,거실,door,
APT_FP_006482cd_17447720_u0,11,현관,화장실,open,
APT_FP_006482cd_17447720_u0,12,거실,침실,door,
APT_FP_006482cd_17447720_u0,13,거실,화장실,open,
APT_FP_006482cd_17447720_u0,14,거실,침실,open,
APT_FP_006482cd_17447720_u0,15,거실,침실,open,
APT_FP_006482cd_17447720_u0,16,거실,침실,open,
APT_FP_006482cd_17447720_u0,17,침실,침실,door,
APT_FP_006482cd_17447720_u0,18,화장실,발코니,door,
APT_FP_006482cd_17447720_u0,19,화장실,침실,door,
APT_FP_006482cd_17447720_u0,20,침실,화장실,door,
APT_FP_006482cd_17447720_u0,21,침실,실외기실,open,
APT_FP_006482cd_17447720_u0,22,침실,발코니,balcony,
APT_FP_006482cd_17447720_u0,23,실외기실,화장실,door,
APT_FP_006482cd_17447720_u0,24,실외기실,발코니,balcony,
APT_FP_006482cd_17447720_u0,25,화장실,발코니,open,
APT_FP_006482cd_17447720_u2,0,주방,침실,door,
APT_FP_006482cd_17447720_u2,1,주방,발코니,balcony,
APT_FP_006482cd_17447720_u2,2,주방,거실,open,
APT_FP_006482cd_17447720_u2,3,화장실,침실,door,
APT_FP_006482cd_17447720_u2,4,화장실,발코니,door,
APT_FP_006482cd_17447720_u2,5,침실,거실,door,
APT_FP_006482cd_17447720_u2,6,침실,침실,door,
APT_FP_006482cd_17447720_u2,7,침실,발코니,balcony,
APT_FP_006482cd_17447720_u2,10,현관,기타,door,
APT_FP_006482cd_17447720_u2,11,현관,거실,open,
APT_FP_006482cd_17447720_u2,12,현관,화장실,open,
APT_FP_006482cd_17447720_u2,13,침실,발코니,balcony,
APT_FP_006482cd_17447720_u2,14,침실,거실,open,
APT_FP_006482cd_17447720_u2,15,발코니,침실,door,
APT_FP_006482cd_17447720_u2,16,발코니,거실,balcony,
APT_FP_006482cd_17447720_u2,17,거실,화장실,door,
APT_FP_006482cd_17447720_u2,18,거실,침실,open,
APT_FP_006482cd_17447720_u2,19,거실,기타,open,
APT_FP_006482cd_17447720_u2,20,실외기실,발코니,balcony,
APT_FP_006482cd_17447720_u2,21,기타,발코니,balcony,
APT_FP_006482cd_17447720_u2,22,침실,발코니,balcony,
APT_FP_006482cd_17447720_u3,0,침실,거실,door,
APT_FP_006482cd_17447720_u3,1,침실,침실,door,
APT_FP_006482cd_17447720_u3,5,거실,침실,door,
APT_FP_006482cd_17447720_u3,6,거실,주방,door,
APT_FP_006482cd_17447720_u3,7,거실,화장실,door,
APT_FP_006482cd_17447720_u3,8,거실,발코니,balcony,
APT_FP_006482cd_17447720_u3,9,거실,현관,open,
APT_FP_006482cd_17447720_u3,10,거실,침실,open,
APT_FP_006482cd_17447720_u3,11,기타,현관,door,
APT_FP_006482cd_17447720_u3,12,드레스룸,화장실,door,
APT_FP_006482cd_17447720_u3,13,드레스룸,침실,door,
APT_FP_006482cd_17447720_u3,14,발코니,침실,door,
APT_FP_006482cd_17447720_u3,15,실외기실,주방,door,
APT_FP_006482cd_17447720_u3,16,침실,화장실,door,
APT_FP_007103bf_17434935_u2,0,침실,주방,door,
APT_FP_007103bf_17434935_u2,1,침실,침실,door,
APT_FP_007103bf_17434935_u2,2,침실,거실,open,
APT_FP_007103bf_17434935_u2,3,침실,화장실,door,
APT_FP_007103bf_17434935_u2,4,침실,발코니,door,
APT_FP_007103bf_17434935_u2,5,침실,드레스룸,open,
APT_FP_007103bf_17434935_u2,6,침실,거실,open,
APT_FP_007103bf_17434935_u2,7,침실,실외기실,open,
APT_FP_007103bf_17434935_u2,8,실외기실,발코니,balcony,
APT_FP_007103bf_17434935_u2,9,주방,발코니,balcony,
APT_FP_007103bf_17434935_u2,10,주방,거실,open,
APT_FP_007103bf_17434935_u2,11,침실,거실,open,
APT_FP_007103bf_17434935_u2,12,발코니,거실,door,
APT_FP_007103bf_17434935_u2,13,드레스룸,화장실,door,
APT_FP_007103bf_17434935_u2,14,현관,기타,door,
APT_FP_007103bf_17434935_u2,15,현관,거실,door,
APT_FP_007103bf_17434935_u2,17,화장실,거실,door,
APT_FP_007103bf_17434935_u2,18,화장실,화장실,open,
APT_FP_007103bf_17434935_u2,19,화장실,거실,open,
APT_FP_00717d5d_17441963_u0,0,침실,거실,door,
APT_FP_00717d5d_17441963_u0,1,침실,발코니,balcony,
APT_FP_00717d5d_17441963_u0,2,침실,드레스룸,open,
APT_FP_00717d5d_17441963_u0,3,거실,현관,door,
APT_FP_00717d5d_17441963_u0,4,거실,화장실,door,
APT_FP_00717d5d_17441963_u0,5,거실,침실,door,
APT_FP_00717d5d_17441963_u0,6,거실,발코니,balcony,
APT_FP_00717d5d_17441963_u0,7,거실,주방,open,
APT_FP_00717d5d_17441963_u0,8,주방,발코니,balcony,
APT_FP_00717d5d_17441963_u0,9,침실,발코니,balcony,
APT_FP_00aaa490_17447720_u0,0,침실,화장실,door,
APT_FP_00aaa490_17447720_u0,1,침실,발코니,balcony,
APT_FP_00aaa490_17447720_u0,2,침실,발코니,balcony,
APT_FP_00aaa490_17447720_u0,3,침실,실외기실,open,
APT_FP_00aaa490_17447720_u0,4,침실,주방,open,
APT_FP_00aaa490_17447720_u0,5,침실,거실,open,
APT_FP_00aaa490_17447720_u0,6,발코니,침실,balcony,
APT_FP_00aaa490_17447720_u0,7,발코니,침실,balcony,
APT_FP_00aaa490_17447720_u0,8,발코니,거실,balcony,
APT_FP_00aaa490_17447720_u0,9,발코니,발코니,open,
APT_FP_00aaa490_17447720_u0,10,주방,발코니,balcony,
APT_FP_00aaa490_17447720_u0,11,주방,거실,open,
APT_FP_00aaa490_17447720_u0,12,침실,화장실,door,
APT_FP_00aaa490_17447720_u0,13,침실,발코니,balcony,
APT_FP_00aaa490_17447720_u0,14,침실,거실,open,
APT_FP_00aaa490_17447720_u0,15,거실,현관,door,
APT_FP_00aaa490_17447720_u0,16,거실,침실,door,
APT_FP_00aaa490_17447720_u0,17,거실,화장실,open,
APT_FP_00aaa490_17447720_u0,18,거실,침실,open,
APT_FP_00aaa490_17447720_u0,20,현관,화장실,open,
APT_FP_00aaa490_17447720_u0,21,실외기실,화장실,door,
APT_FP_00aaa490_17447720_u0,22,실외기실,발코니,balcony,
APT_FP_00aaa490_17447720_u0,23,화장실,발코니,door,
APT_FP_00aaa490_17447720_u0,24,발코니,화장실,open,
APT_FP_00aaa490_17447720_u0,25,침실,침실,door,
APT_FP_00aaa490_17447720_u1,0,침실,발코니,door,
APT_FP_00aaa490_17447720_u1,1,침실,주방,door,
APT_FP_00aaa490_17447720_u1,2,침실,화장실,door,
APT_FP_00aaa490_17447720_u1,3,침실,발코니,balcony,
APT_FP_00aaa490_17447720_u1,4,침실,거실,open,
APT_FP_00aaa490_17447720_u1,5,화장실,거실,door,
APT_FP_00aaa490_17447720_u1,6,화장실,현관,open,
APT_FP_00aaa490_17447720_u1,7,거실,침실,door,
APT_FP_00aaa490_17447720_u1,8,거실,발코니,balcony,
APT_FP_00aaa490_17447720_u1,9,거실,주방,open,
APT_FP_00aaa490_17447720_u1,10,거실,현관,open,
APT_FP_00aaa490_17447720_u1,11,거실,침실,open,
APT_FP_00aaa490_17447720_u1,12,거실,기타,open,
APT_FP_00aaa490_17447720_u1,13,발코니,침실,balcony,
APT_FP_00aaa490_17447720_u1,14,발코니,침실,balcony,
APT_FP_00aaa490_17447720_u1,15,침실,침실,door,
APT_FP_00aaa490_17447720_u1,16,현관,기타,door,
APT_FP_00aaa490_17447720_u1,19,실외기실,발코니,balcony,
APT_FP_00aaa490_17447720_u1,20,발코니,화장실,door,
APT_FP_00aaa490_17447720_u1,21,기타,발코니,balcony,
APT_FP_00aaa490_17447720_u1,22,발코니,주방,balcony,
APT_FP_00aaa490_17447720_u2,0,발코니,거실,balcony,
APT_FP_00aaa490_17447720_u2,1,발코니,침실,balcony,
APT_FP_00aaa490_17447720_u2,2,화장실,드레스룸,door,
APT_FP_00aaa490_17447720_u2,3,화장실,침실,door,
APT_FP_00aaa490_17447720_u2,4,화장실,주방,door,
APT_FP_00aaa490_17447720_u2,5,주방,실외기실,balcony,
APT_FP_00aaa490_17447720_u2,6,주방,침실,open,
APT_FP_00aaa490_17447720_u2,7,주방,거실,open,
APT_FP_00aaa490_17447720_u2,8,침실,거실,door,
APT_FP_00aaa490_17447720_u2,9,침실,침실,door,
APT_FP_00aaa490_17447720_u2,10,화장실,침실,door,
APT_FP_00aaa490_17447720_u2,11,화장실,거실,open,
APT_FP_00aaa490_17447720_u2,13,침실,드레스룸,open,
APT_FP_00aaa490_17447720_u2,14,침실,거실,open,
APT_FP_00aaa490_17447720_u2,15,현관,거실,door,
APT_FP_00aaa490_17447720_u2,16,침실,거실,open,
APT_FP_00aaa490_17447720_u2,17,거실,침실,open,
APT_FP_00aaa490_17447720_u3,0,화장실,침실,door,
APT_FP_00aaa490_17447720_u3,1,화장실,드레스룸,door,
APT_FP_00aaa490_17447720_u3,2,화장실,거실,open,
APT_FP_00aaa490_17447720_u3,3,침실,침실,door,
APT_FP_00aaa490_17447720_u3,4,침실,발코니,balcony,
APT_FP_00aaa490_17447720_u3,5,침실,주방,open,
APT_FP_00aaa490_17447720_u3,6,침실,드레스룸,open,
APT_FP_00aaa490_17447720_u3,7,침실,거실,open,
APT_FP_00aaa490_17447720_u3,8,침실,실외기실,open,
APT_FP_00aaa490_17447720_u3,9,침실,거실,open,
APT_FP_00aaa490_17447720_u3,10,화장실,현관,door,
APT_FP_00aaa490_17447720_u3,11,화장실,침실,door,
APT_FP_00aaa490_17447720_u3,12,화장실,거실,open,
APT_FP_00aaa490_17447720_u3,13,발코니,실외기실,door,
APT_FP_00aaa490_17447720_u3,14,발코니,거실,balcony,
APT_FP_00aaa490_17447720_u3,15,침실,주방,open,
APT_FP_00aaa490_17447720_u3,16,침실,거실,open,
APT_FP_00aaa490_17447720_u3,18,주방,드레스룸,door,
APT_FP_00aaa490_17447720_u3,19,주방,거실,open,
APT_FP_00aaa490_17447720_u3,20,현관,거실,open,
APT_FP_00b9bbcd_17446927_u0,0,침실,거실,door,
APT_FP_00b9bbcd_17446927_u0,1,주방,발코니,balcony,
APT_FP_00b9bbcd_17446927_u0,2,주방,거실,open,
APT_FP_00b9bbcd_17446927_u0,3,주방,침실,open,
APT_FP_00b9bbcd_17446927_u0,4,발코니,실외기실,door,
APT_FP_00b9bbcd_17446927_u0,5,발코니,침실,balcony,
APT_FP_00b9bbcd_17446927_u0,6,화장실,기타,door,
APT_FP_00b9bbcd_17446927_u0,7,화장실,현관,door,
APT_FP_00b9bbcd_17446927_u0,8,화장실,발코니,open,
APT_FP_00b9bbcd_17446927_u0,9,화장실,거실,open,
APT_FP_00b9bbcd_17446927_u0,10,기타,거실,door,
APT_FP_00b9bbcd_17446927_u0,11,기타,발코니,door,
APT_FP_00b9bbcd_17446927_u0,12,드레스룸,화장실,door,
APT_FP_00b9bbcd_17446927_u0,13,드레스룸,침실,open,
APT_FP_00b9bbcd_17446927_u0,15,침실,화장실,door,
APT_FP_00b9bbcd_17446927_u0,16,현관,거실,door,
APT_FP_00b9bbcd_17446927_u0,17,화장실,거실,open,
APT_FP_00b9bbcd_17446927_u1,0,주방,발코니,door,
APT_FP_00b9bbcd_17446927_u1,1,주방,화장실,open,
APT_FP_00b9bbcd_17446927_u1,2,주방,침실,open,
APT_FP_00b9bbcd_17446927_u1,3,발코니,실외기실,door,
APT_FP_00b9bbcd_17446927_u1,4,발코니,침실,balcony,
APT_FP_00b9bbcd_17446927_u1,5,발코니,거실,balcony,
APT_FP_00b9bbcd_17446927_u1,6,침실,침실,door,
APT_FP_00b9bbcd_17446927_u1,7,침실,거실,door,
APT_FP_00b9bbcd_17446927_u1,8,현관,거실,door,
APT_FP_00b9bbcd_17446927_u1,9,현관,화장실,door,
APT_FP_00b9bbcd_17446927_u1,11,화장실,드레스룸,door,
APT_FP_00b9bbcd_17446927_u1,12,화장실,침실,door,
APT_FP_00b9bbcd_17446927_u1,13,거실,침실,door,
APT_FP_00b9bbcd_17446927_u1,14,거실,침실,door,
APT_FP_00b9bbcd_17446927_u1,15,거실,화장실,door,
APT_FP_00b9bbcd_17446927_u1,16,드레스룸,침실,open,
APT_FP_00b9bbcd_17446927_u2,0,주방,발코니,door,
APT_FP_00b9bbcd_17446927_u2,1,주방,거실,open,
APT_FP_00b9bbcd_17446927_u2,2,주방,침실,open,
APT_FP_00b9bbcd_17446927_u2,3,발코니,실외기실,door,
APT_FP_00b9bbcd_17446927_u2,4,발코니,침실,balcony,
APT_FP_00b9bbcd_17446927_u2,5,발코니,거실,balcony,
APT_FP_00b9bbcd_17446927_u2,6,발코니,침실,balcony,
APT_FP_00b9bbcd_17446927_u2,7,거실,침실,door,
APT_FP_00b9bbcd_17446927_u2,8,거실,기타,door,
APT_FP_00b9bbcd_17446927_u2,9,거실,현관,door,
APT_FP_00b9bbcd_17446927_u2,10,거실,화장실,open,
APT_FP_00b9bbcd_17446927_u2,11,거실,화장실,open,
APT_FP_00b9bbcd_17446927_u2,12,드레스룸,발코니,door,
APT_FP_00b9bbcd_17446927_u2,13,드레스룸,화장실,door,
APT_FP_00b9bbcd_17446927_u2,14,드레스룸,침실,open,
APT_FP_00b9bbcd_17446927_u2,15,화장실,발코니,door,
APT_FP_00b9bbcd_17446927_u2,16,화장실,침실,door,
APT_FP_00b9bbcd_17446927_u2,17,발코니,발코니,balcony,
APT_FP_00b9bbcd_17446927_u2,19,화장실,기타,door,
APT_FP_00b9bbcd_17446927_u2,20,화장실,현관,door,
APT_FP_00b9bbcd_17446927_u3,0,화장실,현관,door,
APT_FP_00b9bbcd_17446927_u3,1,화장실,기타,door,
APT_FP_00b9bbcd_17446927_u3,2,화장실,거실,open,
APT_FP_00b9bbcd_17446927_u3,3,화장실,발코니,open,
APT_FP_00b9bbcd_17446927_u3,4,기타,발코니,door,
APT_FP_00b9bbcd_17446927_u3,5,기타,거실,door,
APT_FP_00b9bbcd_17446927_u3,6,침실,거실,door,
APT_FP_00b9bbcd_17446927_u3,7,침실,화장실,door,
APT_FP_00b9bbcd_17446927_u3,8,침실,발코니,balcony,
APT_FP_00b9bbcd_17446927_u3,9,침실,드레스룸,open,
APT_FP_00b9bbcd_17446927_u3,10,침실,주방,open,
APT_FP_00b9bbcd_17446927_u3,11,화장실,드레스룸,door,
APT_FP_00b9bbcd_17446927_u3,12,화장실,거실,open,
APT_FP_00b9bbcd_17446927_u3,13,현관,거실,door,
APT_FP_00b9bbcd_17446927_u3,15,발코니,주방,balcony,
APT_FP_00b9bbcd_17446927_u3,16,발코니,실외기실,door,
APT_FP_00b9bbcd_17446927_u3,17,주방,거실,open,
APT_FP_00bb576d_17446927_u1,0,화장실,기타,door,
APT_FP_00bb576d_17446927_u1,1,화장실,드레스룸,door,
APT_FP_00bb576d_17446927_u1,2,화장실,침실,door,
APT_FP_00bb576d_17446927_u1,3,화장실,거실,open,
APT_FP_00bb576d_17446927_u1,4,기타,현관,door,
APT_FP_00bb576d_17446927_u1,5,주방,발코니,balcony,
APT_FP_00bb576d_17446927_u1,6,주방,침실,open,
APT_FP_00bb576d_17446927_u1,7,드레스룸,기타,open,
APT_FP_00bb576d_17446927_u1,8,드레스룸,침실,open,
APT_FP_00bb576d_17446927_u1,9,침실,거실,door,
APT_FP_00bb576d_17446927_u1,10,거실,기타,door,
APT_FP_00bb576d_17446927_u1,11,거실,현관,door,
APT_FP_00bb576d_17446927_u1,12,거실,화장실,open,
APT_FP_00bb576d_17446927_u1,14,화장실,기타,door,
APT_FP_00bb576d_17446927_u1,15,화장실,발코니,open,
APT_FP_00bb576d_17446927_u1,16,실외기실,발코니,door,
APT_FP_00bb576d_17446927_u1,17,침실,발코니,balcony,
APT_FP_00bb576d_17446927_u1,18,기타,발코니,door,
